ref_#,domain,media_description,title,instruction,question,assessment_type,cefr_level,cefr_descriptor,question_type,subtype,skill_focus,topic,context,learning_objective,difficulty,expected_time,discrimination,guessing_factor,weight,tags,partial_credit_enabled,feedback_correct,feedback_incorrect,correct_count,incorrect_count,media_url,max_attempts,word_limit_min,word_limit_max,text_genre
W-A1-1,General,,,Read the task below and write your response in the space provided.,<p><strong>Write a note to your family. </strong></p><p><br></p><p>Tell them:</p><p><br></p><ul><li>where you are going</li><li>what time you will come back</li></ul>,Writing,a1,can write simple sentences about a familiar object.,email / letter,inform (a1),holistic (a1),"house, home, and daily life (a1)",,,0.32,600,0.1,0.0,1.0,,FALSE,,,0,13,,0,31,56,
W-A1-2,General,,,Read the task below and write your response in the space provided.,"<p><strong>Write about your best friend. </strong></p><p><br></p><p> Write about: </p><p><br></p><ul><li>Who your friend is, </li><li>What you do together, </li><li>What you like about your friend.</li></ul>",Writing,a1,"""can produce simple phrases and sentences about themselves and imaginary people, where they live and what they do.""",paragraph,inform (a1),holistic (a1),"people, relationships, and family (a1)",,,0.32,600,0.1,0.0,1.0,,FALSE,,,0.0,9.0,,0,,,
W-A1-3,General,,,Read the task below and write your response in the space provided.,<p><strong>Write about your family.</strong></p><p><br></p><ul><li>Who is in your family?</li><li>Where do you live?</li><li>What do you like about your family?</li></ul><p><br></p>,Writing,a1,can describe the position of things in a picture using a few simple fixed expressions.,paragraph,inform (a1),holistic (a1),workplace and jobs (a1),,,0.32,600,0.1,0.0,1.0,,FALSE,,,0,8,,0,20,150,
W-A1-4,General,,,Read the task below and write your response in the space provided.,"<p><strong>Write about your daily routine. </strong></p><p><br></p><p>Write about: </p><p><br></p><ul><li>What you do in the morning, </li><li>What you do in the afternoon, </li><li>When you go to bed</li></ul>",Writing,a1,"""can use simple words/signs and phrases to describe certain everyday objects.""",paragraph,inform (a1),holistic (a1),"house, home, and daily life (a1)",,,0.32,600,0.1,0.0,1.0,,FALSE,,,0.0,9.0,,0,,,
W-A1-5,General,,,Read the task below and write your response in the space provided.,"<p><strong>Write about your favourite food. </strong></p><p><br></p><p>Write about: </p><p><br></p><ul><li>What your favourite food is, </li><li>Where you usually eat it, </li><li>Why you like it</li></ul>",Writing,a1,"""can use simple words/signs and phrases to describe certain everyday objects""",paragraph,inform (a1),holistic (a1),food and drink (a1),,,0.32,600,0.1,0.0,1.0,,FALSE,,,0.0,5.0,,0,,,
W-A1-6,General,,,Read the task below and write your response in the space provided.,<p><strong>Write a note to your roommate. </strong></p><p><br></p><p>Tell them: </p><p><br></p><ul><li>where you are going </li><li>what time you will come back</li></ul>,Writing,a1,"""can leave a simple message giving information regarding for instance where they have gone, or what time they will be back (e.g. shopping: back at 5 p.m.)""",email / letter,inform (a1),holistic (a1),"house, home, and daily life (a1)",,,0.32,600,0.1,0.0,1.0,,FALSE,,,1.0,17.0,,0,,,
W-A1-7,General,,,Read the task below and write your response in the space provided.,<p><strong>Write an email to your friend about food. </strong></p><p><br></p><p>Tell them: </p><p><br></p><ul><li>your favorite food  </li><li>when you eat it </li><li>why you like it</li></ul>,Writing,a1,"can write short, simple emails expressing likes and dislikes",email / letter,inform (a1),holistic (a1),food and drink (a1),,,0.32,600,0.1,0.0,1.0,,FALSE,,,0.0,34.0,,0,,,
W-A1-9,General,,,Read the task below and write your response in the space provided.,<p><strong>Write about your family. </strong></p><p><br></p><p>Include: - </p><p><br></p><ul><li>who is in your family </li><li>where you live </li><li>what you like doing together</li></ul>,Writing,a1,can produce simple phrases and sentences about themselves and imaginary people,email / letter,inform (a1),holistic (a1),"people, relationships, and family (a1)",,,0.32,600,0.1,0.0,1.0,,FALSE,,,0.0,16.0,,0,,,
W-A1-10,General,,,Read the task below and write your response in the space provided.,<p><strong>Write a note to your friend. </strong></p><p><br></p><p>Tell them: </p><p><br></p><ul><li>where you are </li><li>what time you will return </li><li>what you are doing</li></ul>,Writing,a1,can leave a simple message giving basic information,email / letter,inform (a1),holistic (a1),"house, home, and daily life (a1)",,,0.32,600,0.1,0.0,1.0,,FALSE,,,0.0,16.0,,0,,,
W-A1-11,General,,,Read the task below and write your response in the space provided.,<p><strong>Write about yourself. </strong></p><p><br></p><p>Include:</p><p> </p><ul><li>your name and age </li><li>what you like doing </li><li>your favorite things</li></ul>,Writing,a1,can give information about matters of personal relevance using simple words,email / letter,inform (a1),holistic (a1),"people, relationships, and family (a1)",,,0.32,600,0.1,0.0,1.0,,FALSE,,,0.0,12.0,,0,,,
W-A2-1,General,,,Read the task below and write your response in the space provided.,"<p><strong>Write a message to your friend about going to a football match. </strong></p><p><br></p><p>Include the date, time, and place.</p>",Writing,a2,"""can write short, simple notes and messages relating to matters in areas of immediate need""",email / letter,inform (a2),holistic (a2),"sports, hobbies, and interests (a2)",,,0.47,600,0.1,0.0,1.0,,FALSE,,,0.0,4.0,,0,,,
W-A2-2,General,,,Read the task below and write your response in the space provided.,<p><strong>Write about your favorite place in your town. </strong></p><p><br></p><p>Include: </p><p><br></p><ul><li>where it is </li><li>what you can do there </li><li>why you like it</li></ul>,Writing,a2,"can write very short, basic descriptions of events, past activities and personal experiences",paragraph,describe (a2),holistic (a2),"countries, cities, towns, and public places (a2)",,,0.47,600,0.1,0.0,1.0,,FALSE,,,0.0,1.0,,0,,,
W-A2-3,General,,,Read the task below and write your response in the space provided.,<p><strong>Write a note to your teacher explaining:</strong></p><p><br></p><ul><li>why you missed class </li><li>when you will return </li><li>what homework you need</li></ul>,Writing,a2,"can write short, simple notes and messages relating to matters in areas of immediate need",email / letter,inform (a2),holistic (a2),"education, study, and language (a2)",,,0.47,600,0.1,0.0,1.0,,FALSE,,,0.0,3.0,,0,,,
W-A2-4,General,,,Read the task below and write your response in the space provided.,<p><strong>Write an email inviting a friend to join your sports club. </strong></p><p><br></p><p>Include: - </p><p><br></p><ul><li>type of sport </li><li>when you meet </li><li>what they need </li><li>why they should join</li></ul>,Writing,a2,"can write short, simple notes and messages",email / letter,inform (a2),holistic (a2),"sports, hobbies, and interests (a2)",,,0.47,600,0.1,0.0,1.0,,FALSE,,,0.0,10.0,,0,,,
W-A2-5,General,,,Read the task below and write your response in the space provided.,<p><strong>Write a note to your teacher.</strong></p><p><br></p><p>Say why you forgot your homework and when you will finish it.</p>,Writing,a2,"""can compose short, simple formulaic notes relating to matters in areas of immediate need""",email / letter,inform (a2),holistic (a2),"education, study, and language (a2)",,,0.47,600,0.1,0.0,1.0,,FALSE,,,0.0,3.0,,0,,,
W-A2-6,General,,,Read the task below and write your response in the space provided.,"<p><strong>Write an email to your friend inviting them to a picnic. </strong></p><p><br></p><p>Include the date, time, and what to bring.</p>",Writing,a2,"""can write very simple personal letters expressing thanks and apology""",email / letter,inform (a2),holistic (a2),"sports, hobbies, and interests (a2)",,,0.47,600,0.1,0.0,1.0,,FALSE,,,0.0,7.0,,0,,,
W-A2-7,General,,,Read the task below and write your response in the space provided.,<p><strong>Write about a holiday you went on.</strong></p><p><br></p><ul><li>Where did you go?</li><li>What did you do there?</li><li>What did you like the most?</li></ul><p><br></p>,Writing,a2,"""can give very short, basic descriptions of events, past activities and personal experiences""",paragraph,inform (a2),holistic (a2),"holidays, travel, and transportation (a2)",,,0.47,600,0.1,0.0,1.0,,FALSE,,,0,1,,0,25,250,
W-A2-8,General,,,Read the task below and write your response in the space provided.,<p><strong>Write about a place you would like to visit.</strong></p><p><br></p><ul><li>Where would you like to go?</li><li>What would you like to do there?</li><li>Why do you want to go?</li></ul><p><br></p>,Writing,a2,"""can compose short, simple notes, emails and text messages""",paragraph,inform (a2),holistic (a2),"sports, hobbies, and interests (a2)",,,0.47,600,0.1,0.0,1.0,,FALSE,,,0,1,,0,25,250,
W-A2-9,General,,,Read the task below and write your response in the space provided.,<p><strong>Write a shopping list for your friend. </strong></p><p><br></p><p>Include: - </p><p><br></p><ul><li>5 items you need </li><li>quantities for each item </li><li>where to buy them</li></ul>,Writing,a2,"""can write short, simple notes and messages relating to matters in areas of immediate need""",email / letter,inform (a2),holistic (a2),"shopping, money, and personal finance (a2)",,,0.47,600,0.1,0.0,1.0,,FALSE,,,0.0,2.0,,0,,,
W-A2-10,General,,,Read the task below and write your response in the space provided.,"<p><strong>Write an email responding to your friend's party invitation. </strong></p><p><br></p><p>Say: </p><p><br></p><ul><li>if you can come </li><li>thank them </li><li>ask what to bring""</li></ul>",Writing,a2,"""can write very simple personal letters expressing thanks and apology""",email / letter,request/respond (a2),holistic (a2),"sports, hobbies, and interests (a2)",,,0.47,600,0.1,0.0,1.0,,FALSE,,,0.0,8.0,,0,,,
W-A2-11,General,,,Read the task below and write your response in the space provided.,<p><strong>Write a note to your exercise partner about tomorrow's workout. </strong></p><p><br></p><p>Tell them: - </p><p><br></p><ul><li>what time to meet </li><li>where to meet </li><li>what exercise you plan to do </li><li>what they need to bring</li></ul>,Writing,a2,"can write short, simple notes and messages relating to matters in areas of immediate need",email / letter,inform (a2),holistic (a2),body and health (a2),,,0.47,600,0.1,0.0,1.0,,FALSE,,,0.0,2.0,,0,,,
W-A2-12,General,,,Read the task below and write your response in the space provided.,<p><strong>Write an email to a shop about an item you bought yesterday that doesn't work. </strong></p><p><br></p><p>Include: </p><p><br></p><ul><li>what you bought </li><li>what the problem is </li><li>what you want them to do</li></ul>,Writing,a2,can write very simple personal letters expressing thanks and apology,email / letter,request/respond (a2),holistic (a2),"shopping, money, and personal finance (a2)",,,0.47,600,0.1,0.0,1.0,,FALSE,,,0.0,2.0,,0,,,
W-B1-1,General,,,Read the task below and write your response in the space provided.,"<p>Your local council is concerned about the increasing amount of waste produced in the community.</p><p> </p><p><strong>Write a report outlining the current situation, its causes, and possible solutions. </strong></p><p><br></p><p>Include recommendations for reducing waste.</p><p><br></p><p>Think about the below:</p><p><br></p><ul><li>Describe the current waste management practices and their shortcomings.</li><li>Identify the main sources of waste in your community.</li><li>Suggest practical measures that individuals and the council can take to reduce waste.</li></ul>",Writing,b1,"""can synthesize information and arguments from a number of sources""",report,inform (b1),holistic (b1),natural world and environment (b1),,,0.64,1200,0.1,0.0,1.0,,FALSE,,,0.0,1.0,,0,,,
W-B1-2,General,,,Read the task below and write your response in the space provided.,"<p>You recently stayed at a hotel where you experienced several issues with the service. </p><p><br></p><p><strong>Write a formal letter of complaint to the hotel manager, explaining the problems you encountered and suggesting appropriate solutions or compensations.</strong></p><p><br></p><p>Think about the below:</p><p><br></p><ul><li>Detail specific issues you faced during your stay (e.g., cleanliness, service delays).</li><li>Explain how these issues affected your stay.</li><li>Suggest possible solutions or compensations (e.g., refund, free stay).</li></ul>",Writing,b1,"""can compose formal e-mails/letters of complaint using appropriate register and conventions""",email / letter,inform (b1),holistic (b1),"holidays, travel, and transportation (b1)",,,0.64,1200,0.1,0.0,1.0,,FALSE,,,0.0,2.0,,0,,,
W-B1-3,General,,,Read the task below and write your response in the space provided.,"<p><strong>Write a review of a book or movie that you have recently read or watched. </strong></p><p><br></p><p>Discuss its themes, characters, and your personal response to it. </p><p>Evaluate its strengths and weaknesses and recommend it to a specific audience.</p><p><br></p><p>Think about the below:</p><p><br></p><ul><li>Summarize the plot and main themes of the book or movie.</li><li>Discuss the development of the main characters.</li><li>Evaluate what you liked and disliked about it.</li><li>Recommend it to a particular audience (e.g., teenagers, history enthusiasts).</li></ul>",Writing,b1,"""can write reviews of films, books or plays""",article,describe (b1),holistic (b1),"media, arts, literature, and entertainment (b1)",,,0.64,1200,0.1,0.0,1.0,,FALSE,,,0.0,0.0,,0,,,
W-B1-4,General,,,Read the task below and write your response in the space provided.,"<p><strong>Write an article for an international magazine about cultural differences and how they can affect communication in the workplace. </strong></p><p><br></p><p>Provide examples of common misunderstandings and suggest ways to improve cross-cultural communication.</p><p><br></p><p>Think about the below:</p><p><br></p><ul><li>Identify common cultural differences that affect workplace communication.</li><li>Provide real-life examples of misunderstandings caused by these differences.</li><li>Suggest strategies to enhance cross-cultural communication (e.g., cultural sensitivity training, clear communication protocols).</li></ul>",Writing,b1,"""can write clear, detailed descriptions on a variety of subjects related to their field of interest""",article,describe (b1),holistic (b1),workplace and jobs (b1),,,0.64,1200,0.1,0.0,1.0,,FALSE,,,0.0,1.0,,0,,,
W-B1-6,General,,,Read the task below and write your response in the space provided.,"<p>Fast food restaurants are becoming more popular in many neighborhoods. </p><p><br></p><p><strong>Write a report about how this affects people's eating habits. </strong></p><p><br></p><p>Provide specific examples from your experience. </p><p><br></p><p>Prompts to support thinking: </p><p><br></p><ul><li>Consider effects on family mealtimes and cooking habits </li><li>Think about both advantages (convenience, cost) and disadvantages (health, traditional food culture) </li><li>Use examples from your own community""</li></ul>",Writing,b1,"""can summarise, report and give their opinion about accumulated factual information on routine matters""",report,describe (b1),holistic (b1),food and drink (b1),,,0.64,900,0.1,0.0,1.0,,FALSE,,,0.0,2.0,,0,,,
W-B1-7,General,,,Read the task below and write your response in the space provided.,<p>Your English friend sent you an email asking for advice about a disagreement with their roommate. </p><p><br></p><p><strong>Write a reply to their email including: </strong></p><p><br></p><p>- your understanding of the situation </p><p>- similar experience you had </p><p>- suggestions for solution </p><p>- offer of support</p>,Writing,b1,can write personal letters giving news and expressing thoughts,email / letter,inform (b1),holistic (b1),"people, relationships, and family (b1)",,,0.64,900,0.1,0.0,1.0,,FALSE,,,0.0,4.0,,0,,,
W-B1-9,General,,,Read the task below and write your response in the space provided.,"<p><strong>Write a message to a friend inviting them to a movie night at your place.</strong> </p><p><br></p><p>Include the time, date, and any special instructions.</p>",Writing,b1,"""can compose personal letters giving news and expressing thoughts about abstract or cultural topics""",email / letter,inform (b1),holistic (b1),"media, arts, literature, and entertainment (b1)",,,0.64,300,0.1,0.0,1.0,,FALSE,,,0.0,6.0,,0,,,
W-B1-10,General,,,Read the task below and write your response in the space provided.,<p><strong>Write a detailed post for a social media platform about a recent trip you took. </strong></p><p><br></p><p>Describe where you went and what you enjoyed the most.</p>,Writing,b1,"""can write straightforward, detailed descriptions on a range of familiar subjects""",paragraph,inform (b1),holistic (b1),"holidays, travel, and transportation (b1)",,,0.64,300,0.1,0.0,1.0,,FALSE,,,0.0,3.0,,0,,,
W-B1-12,General,,,Read the task below and write your response in the space provided.,<p><strong>Write a diary entry about your day at school or work. </strong></p><p><br></p><p>Mention at least one activity you did and how you felt about it.</p>,Writing,b1,"""can write a description of an event, a recent trip - real or imagined""",paragraph,inform (b1),holistic (b1),"house, home, and daily life (b1)",,,0.64,300,0.1,0.0,1.0,,FALSE,,,0.0,5.0,,0,,,
W-B1-13,General,,,Read the task below and write your response in the space provided.,<p><strong>Write a post for an online forum recommending a book you recently read. </strong></p><p><br></p><p>Explain why you liked it and why others should read it.</p>,Writing,b1,"""can write straightforward reviews of books and films""",paragraph,describe (b1),holistic (b1),"media, arts, literature, and entertainment (b1)",,,0.64,300,0.1,0.0,1.0,,FALSE,,,0.0,2.0,,0,,,
W-B1-14,General,,,Read the task below and write your response in the space provided.,<p><strong>Write a description of your favourite place. </strong></p><p><br></p><p>Explain why you like it and what you can do there.</p>,Writing,b1,"""can write straightforward, detailed descriptions on a range of familiar subjects""",paragraph,describe (b1),holistic (b1),"countries, cities, towns, and public places (b1)",,,0.64,300,0.1,0.0,1.0,,FALSE,,,0.0,3.0,,0,,,
W-B1-15,General,,,Read the task below and write your response in the space provided.,<p><strong>Write instructions for playing your favourite game. </strong></p><p><br></p><p>Include the rules and how to win.</p>,Writing,b1,"""can write very brief reports in a standard conventionalised format""",paragraph,inform (b1),holistic (b1),"sports, hobbies, and interests (b1)",,,0.64,300,0.1,0.0,1.0,,FALSE,,,0.0,2.0,,0,,,
W-B1-18,General,,,Read the task below and write your response in the space provided.,<p><strong>Write a review of a movie you've seen recently for an English website. </strong></p><p><br></p><p>Include the folowing information: </p><p><br></p><ul><li>type of movie </li><li>brief plot summary </li><li>what you liked/didn't like </li><li>who would enjoy this movie</li></ul>,Writing,b1,can write a review of a film or book,article,describe (b1),holistic (b1),"media, arts, literature, and entertainment (b1)",,,0.64,900,0.1,0.0,1.0,,FALSE,,,0.0,0.0,,0,,,
W-B1-20,General,,,Read the task below and write your response in the space provided.,<p><strong>Write an email to a friend about your recent vacation. </strong></p><p><br></p><p>Include the following information: </p><p><br></p><ul><li>where you went  </li><li>what you did </li><li>how you felt</li></ul>,Writing,b1,"""can write personal letters describing experiences, feelings and events in some detail""",email / letter,describe (b1),holistic (b1),"countries, cities, towns, and public places (b1)",,,0.64,900,0.1,0.0,1.0,,FALSE,,,0.0,1.0,,0,,,
W-B1-21,General,,,Read the task below and write your response in the space provided.,<p><strong>Write about recycling in your city/country. </strong></p><p><br></p><p>Discuss the following:</p><p> </p><ul><li>current situation </li><li>problems </li><li>your suggestions</li></ul>,Writing,b1,"""can write short, simple essays on topics of interest""",paragraph,describe (b1),holistic (b1),natural world and environment (b1),,,0.64,900,0.1,0.0,1.0,,FALSE,,,0.0,2.0,,0,,,
W-B1-22,General,,,Read the task below and write your response in the space provided.,<p><strong>Write an article for your English class website about staying healthy. </strong></p><p><br></p><p>Include the information below: </p><p><br></p><ul><li>importance of exercise </li><li>healthy eating tips </li><li>stress management </li><li>daily routine suggestions</li></ul>,Writing,b1,"can write straightforward, detailed descriptions on familiar subjects",article,describe (b1),holistic (b1),body and health (b1),,,0.64,900,0.1,0.0,1.0,,FALSE,,,0.0,0.0,,0,,,
W-B1-23,General,,,Read the task below and write your response in the space provided.,<p><strong>Write a blog post about a place you visited recently. </strong></p><p><br></p><p>Include the information below: </p><p><br></p><ul><li>where you went </li><li>what you did there </li><li>what impressed you most </li><li>recommendations for visitors</li></ul>,Writing,b1,"can write straightforward, detailed descriptions on familiar subjects",article,describe (b1),holistic (b1),"holidays, travel, and transportation (b1)",,,0.64,900,0.1,0.0,1.0,,FALSE,,,0.0,2.0,,0,,,
W-B1-24,General,,,Read the task below and write your response in the space provided.,<p><strong>Write an email to an online store about a delayed delivery. </strong></p><p><br></p><p>Include the information below: </p><p><br></p><ul><li>order details </li><li>description of problem </li><li>how it affected you </li><li>what you want them to do</li></ul>,Writing,b1,can write personal letters describing experiences and expressing opinions,email / letter,inform (b1),holistic (b1),"shopping, money, and personal finance (b1)",,,0.64,900,0.1,0.0,1.0,,FALSE,,,0.0,1.0,,0,,,
W-B1-25,General,,,Read the task below and write your response in the space provided.,<p><strong>Write a report about your school's study facilities. </strong></p><p><br></p><p>Include the information below: </p><p><br></p><ul><li>current situation </li><li>positive points </li><li>problems </li><li>suggestions for improvement</li></ul>,Writing,b1,can write very brief reports conveying factual information,report,describe (b1),holistic (b1),"education, study, and language (b1)",,,0.64,900,0.1,0.0,1.0,,FALSE,,,0.0,2.0,,0,,,
W-B1-26,General,,,Read the task below and write your response in the space provided.,<p><strong>Write a proposal for a community cultural festival. </strong></p><p><br></p><p>Include the information below: - </p><p><br></p><ul><li>event description </li><li>suggested activities </li><li>required resources </li><li>potential benefits</li></ul>,Writing,b1,"can write short, simple essays on topics of interest",report,persuade (b1),holistic (b1),"cultures, customs, religion, and traditions (b1)",,,0.64,900,0.1,0.0,1.0,,FALSE,,,0.0,1.0,,0,,,
W-B1-27,General,,,Read the task below and write your response in the space provided.,<p><strong>Write an email to an English-speaking friend about your future plans. </strong></p><p><br></p><p>﻿Include the information below:</p><p><br></p><ul><li>Your main goal for next year (study or work)</li><li>Why you chose this goal</li><li>How you feel about it</li><li>What steps you are taking to achieve it</li><li>Ask your friend about their plans</li></ul>,Writing,b1,"can give accounts of experiences, describing feelings and reactions in simple, connected text.",email / letter,inform (b1),holistic (b1),"education, study, and language (b1)",,,0.64,1200,0.1,0.0,1.0,,FALSE,,,0.0,3.0,,0,,,
W-B1-28,General,,,Read the task below and write your response in the space provided.,"<p><strong>Write an email to your landlord complaining about a problem in your apartment. </strong></p><p><br></p><p>Describe what the problem is, how it affects you, and what you want the landlord to do about it.</p>",Writing,b1,"""can formulate notes conveying simple information of immediate relevance to friends, service people, teachers and others""",email / letter,inform (b1),holistic (b1),"house, home, and daily life (b1)",,,0.64,300,0.1,0.0,1.0,,FALSE,,,0.0,5.0,,0,,,
W-B1-29,General,,,Read the task below and write your response in the space provided.,<p><strong>Write an email to your English-speaking friend about social media. </strong></p><p><br></p><p>Include the information below: </p><p><br></p><ul><li>how you use social media </li><li>what you like about it </li><li>any problems you've had </li><li>ask about their social media habits</li></ul>,Writing,b1,"can write personal letters describing experiences, feelings and events in some detail",email / letter,describe (b1),holistic (b1),science and technology (b1),,,0.64,900,0.1,0.0,1.0,,FALSE,,,0.0,1.0,,0,,,
W-B1-30,General,,,Read the task below and write your response in the space provided.,<p><strong>Your local newspaper wants opinions about recycling. </strong></p><p><br></p><p>Write about: </p><p><br></p><ul><li>current recycling situation in your area </li><li>main problems </li><li>your suggestions for improvement </li><li>how people can help</li></ul>,Writing,b1,"can write short, simple essays on topics of interest",paragraph,describe (b1),holistic (b1),natural world and environment (b1),,,0.64,900,0.1,0.0,1.0,,FALSE,,,0.0,1.0,,0,,,
W-B2-1,General,,,Read the task below and write your response in the space provided.,<p><strong>Write a review of a movie you recently watched. </strong></p><p><br></p><p>Include: </p><p><br></p><p>- plot summary</p><p>- acting/effects </p><p>- your recommendation</p>,Writing,b2,"""can write a review of a film or book""",article,inform (b2),holistic (b2),"media, arts, literature, and entertainment (b2)",,,0.83,900,0.1,0.0,1.0,,FALSE,,,0.0,0.0,,0,,,
W-B2-2,General,,,Read the task below and write your response in the space provided.,"<p>Working from home has become common for many people. </p><p><br></p><p><strong>Write an article about how this changes the way people work. </strong></p><p><br></p><p>Share your observations and experiences. </p><p><br></p><p>- Consider impacts on teamwork and communication </p><p>- Think about both benefits (flexibility, no commute) and challenges (isolation, work-life balance) </p><p>- Use examples from personal experience or friends' experiences</p>",Writing,b2,"""can write very brief reports in a standard conventionalised format""",article,inform (b2),holistic (b2),workplace and jobs (b2),,,0.83,900,0.1,0.0,1.0,,FALSE,,,0,0,,0,100,300,
W-B2-3,General,,,Read the task below and write your response in the space provided.,<p><em>Social media has changed the way people maintain friendships.</em></p><p><br></p><p><strong>Write an essay discussing how online communication affects relationships.</strong></p><p><br></p><ul><li>Consider how it affects keeping in touch with old friends and making new ones</li><li>Think about both the positive and negative effects</li><li>Use examples from your own experience</li></ul><p><br></p>,Writing,b2,"""can write straightforward, detailed descriptions on a range of familiar subjects""",essay,evaluate (b2),holistic (b2),"people, relationships, and family (b2)",,,0.83,900,0.1,0.0,1.0,,FALSE,,,0,1,,0,50,400,
W-B2-4,General,,,Read the task below and write your response in the space provided.,"<p>Exercise habits have changed with new technology and apps. </p><p><br></p><p><strong>Write about how technology affects people's fitness routines. </strong></p><p><br></p><p>Share your observations and experiences. </p><p><br></p><p>- Consider the impact of fitness apps and online classes </p><p>- Think about both advantages and disadvantages </p><p>- Use examples from your own fitness experience""</p>",Writing,b2,"""can write straightforward, detailed descriptions on a range of familiar subjects within their field of interest""",article,inform (b2),holistic (b2),body and health (b2),,,0.83,900,0.1,0.0,1.0,,FALSE,,,0.0,0.0,,0,,,
W-B2-5,General,,,Read the task below and write your response in the space provided.,<p>Write an email inquiring about a job posting. </p><p><br></p><p>Ask about: </p><p><br></p><p>- schedule </p><p>- requirements</p><p> - application process</p>,Writing,b2,"""can write basic formal emails/letters requesting or providing information""",email / letter,request/respond (b2),holistic (b2),workplace and jobs (b2),,,0.83,900,0.1,0.0,1.0,,FALSE,,,0.0,1.0,,0,,,
W-B2-6,General,,,Read the task below and write your response in the space provided.,<p><em>Technology has changed almost every part of modern life.</em></p><p><br></p><p><strong>Write an essay discussing the positive and negative effects of technology on society.</strong></p><p><br></p><ul><li>Consider how technology affects the way people communicate and learn</li><li>Think about both the benefits and the problems it creates</li><li>Use examples from your own experience</li></ul><p><br></p>,Writing,b2,"""can write an essay or report which develops an argument, giving reasons in support of or against a particular point of view and explaining the advantages and disadvantages of various options""",essay,persuade (b2),holistic (b2),science and technology (b2),,,0.83,1200,0.1,0.0,1.0,,FALSE,,,0,5,,0,50,400,
W-B2-7,General,,,Read the task below and write your response in the space provided.,"<p><em>Online shopping has grown rapidly, but many consumers are unaware of their rights.</em></p><p><br></p><p><strong>Write an essay discussing the rights and responsibilities of online shoppers.</strong></p><p><br></p><ul><li>Consider what protections exist for consumers when shopping online</li><li>Think about the problems people commonly face and how they can be resolved</li><li>Use examples from your own or others' shopping experiences</li></ul><p><br></p>",Writing,b2,"can write clear, detailed texts supporting or opposing a point of view",essay,persuade (b2),holistic (b2),"shopping, money, and personal finance (b2)",,,0.83,1200,0.1,0.0,1.0,,FALSE,,,0,4,,0,50,400,
W-B2-8,General,,,Read the task below and write your response in the space provided.,<p><strong>Write a report comparing online and traditional learning.</strong></p><p><br></p><p>Include: </p><p><br></p><p>- learning effectiveness </p><p>- cost factors </p><p>- social aspects </p><p>- recommendations</p>,Writing,b2,can synthesize information and arguments from multiple sources,report,inform (b2),holistic (b2),"education, study, and language (b2)",,,0.83,1200,0.1,0.0,1.0,,FALSE,,,0.0,0.0,,0,,,
W-B2-9,General,,,Read the task below and write your response in the space provided.,<p><strong>Write an email to international colleagues about a project delay</strong>. </p><p><br></p><p>Include: </p><p><br></p><p>- current status </p><p>- reasons for delay </p><p>- impact on deadlines </p><p>- proposed solutions</p>,Writing,b2,can write emails handling complex professional matters,email / letter,inform (b2),holistic (b2),workplace and jobs (b2),,,0.83,1200,0.1,0.0,1.0,,FALSE,,,0.0,0.0,,0,,,
W-B2-10,General,,,Read the task below and write your response in the space provided.,"<p>You recently bought a laptop online, but it arrived damaged. </p><p><br></p><p><strong>Write an email to the company to complain about the damaged product.</strong></p>",Writing,b2,"""can compose a forceful but polite letter of complaint, including supporting details and a statement of the desired outcome""",email / letter,request/respond (b2),holistic (b2),"shopping, money, and personal finance (b2)",,,0.83,900,0.1,0.0,1.0,,FALSE,,,0.0,1.0,,0,,,
W-B2-11,General,,,Read the task below and write your response in the space provided.,"<p><strong>Write a review of a restaurant you recently visited. </strong></p><p><br></p><p>Describe the atmosphere, the food, and the service.</p>",Writing,b2,"""can write clear, detailed descriptions on a variety of subjects related to their field of interest""",article,inform (b2),holistic (b2),food and drink (b2),,,0.83,900,0.1,0.0,1.0,,FALSE,,,0.0,1.0,,0,,,
W-B2-12,General,,,Read the task below and write your response in the space provided.,"<p><em>Social media is now part of daily life for millions of people around the world.</em></p><p><br></p><p><strong>Write an essay discussing the advantages and disadvantages of social media.</strong></p><p><br></p><ul><li>Consider how social media affects communication, relationships, and mental health</li><li>Think about both the benefits and the risks of using it</li><li>Use examples from your own experience</li></ul><p><br></p>",Writing,b2,"""can synthesize information and arguments from a number of sources""",essay,describe (b2),holistic (b2),politics and society (b2),,,0.83,900,0.1,0.0,1.0,,FALSE,,,0,2,,0,50,400,
W-B2-13,General,,,Read the task below and write your response in the space provided.,<p><em>Many people today find it difficult to separate their work life from their personal life.</em></p><p><br></p><p><strong>Write an essay discussing the challenges of maintaining a healthy work-life balance.</strong></p><p><br></p><ul><li>Consider why it has become harder for people to switch off from work</li><li>Think about both the effects on individuals and what employers could do differently</li><li>Use examples from your own experience or people you know</li></ul><p><br></p>,Writing,b2,"""can develop an argument systematically with appropriate highlighting of significant points and relevant supporting detail""",essay,inform (b2),holistic (b2),workplace and jobs (b2),,,0.83,1200,0.1,0.0,1.0,,FALSE,,,0,6,,0,50,400,
W-B2-14,General,,,Read the task below and write your response in the space provided.,<p><em>More people than ever are choosing to learn a foreign language.</em></p><p><br></p><p><strong>Write an essay discussing why learning a foreign language is important.</strong></p><p><br></p><ul><li>Consider how speaking another language can affect job opportunities and career development</li><li>Think about the benefits for travel and understanding other cultures</li><li>Use examples from your own experience or people you know</li></ul><p><br></p>,Writing,b2,"""can develop an argument, giving reasons in support of or against a particular point of view""",essay,inform (b2),holistic (b2),"education, study, and language (b2)",,,0.83,1200,0.1,0.0,1.0,,FALSE,,,0,4,,0,50,400,
W-B2-15,General,,,Read the task below and write your response in the space provided.,<p><em>Many people struggle to maintain a healthy lifestyle in today's busy world.</em></p><p><br></p><p><strong>Write an essay discussing how people can improve their health and wellbeing.</strong></p><p><br></p><ul><li>Consider the role of diet and exercise in maintaining good health</li><li>Think about the challenges people face and how they can overcome them</li><li>Use examples from your own life and experience</li></ul><p><br></p>,Writing,b2,"""can write an essay or report which develops an argument systematically""",essay,inform (b2),holistic (b2),body and health (b2),,,0.83,1200,0.1,0.0,1.0,,FALSE,,,0,5,,0,50,400,
W-B2-16,General,,,Read the task below and write your response in the space provided.,"<p><em>Children are spending more time than ever in front of screens.</em></p><p><br></p><p><strong>Write an essay discussing the effects of screen time on children's development.</strong></p><p><br></p><ul><li>Consider how excessive screen time can affect children's health, learning, and social skills</li><li>Think about the responsibility of parents, schools, and technology companies</li><li>Use examples from your own observations or experience</li></ul><p><br></p>",Writing,b2,"""can write an essay which develops an argument, giving reasons in support of or against a particular point of view""",essay,inform (b2),holistic (b2),politics and society (b2),,,0.83,1200,0.1,0.0,1.0,,FALSE,,,0,8,,0,50,400,
W-B2-17,General,,,Read the task below and write your response in the space provided.,<p><em>Write a report about study facilities at your school. </em></p><p><br></p><p>Include information about: </p><p><br></p><p>- current situation </p><p>- problems </p><p>- recommendations</p>,Writing,b2,"""can write a report which develops an argument systematically with appropriate highlighting of significant points""",report,inform (b2),holistic (b2),"education, study, and language (b2)",,,0.83,1200,0.1,0.0,1.0,,FALSE,,,0.0,0.0,,0,,,
W-B2-18,General,,,Read the task below and write your response in the space provided.,<p><strong>Write a progress report about a team project. </strong></p><p><br></p><p>Include information about: </p><p><br></p><p>- goals achieved </p><p>- current challenges -</p><p> resource needs </p><p>- next steps</p>,Writing,b2,"can write clear, detailed descriptions of work processes",report,inform (b2),holistic (b2),workplace and jobs (b2),,,0.83,1200,0.1,0.0,1.0,,FALSE,,,0.0,0.0,,0,,,
W-B2-19,General,,,Read the task below and write your response in the space provided.,<p><strong>Write an article about effective cross-cultural workplace communication.</strong></p><p><br></p><p>Include information about: </p><p><br></p><p>- common challenges </p><p>- successful strategies </p><p>- practical tips </p><p>- specific examples</p>,Writing,b2,"can write clear, detailed descriptions with analysis",article,inform (b2),holistic (b2),workplace and jobs (b2),,,0.83,1200,0.1,0.0,1.0,,FALSE,,,0.0,0.0,,0,,,
W-B2-20,General,,,Read the task below and write your response in the space provided.,"<p><strong>Write a review of a film, book, or play for an online arts magazine. </strong></p><p><br></p><p>Include information about: </p><p><br></p><p>- brief plot summary </p><p>- analysis of main themes </p><p>- evaluation of effectiveness </p><p>- recommendation with reasons</p>",Writing,b2,"can write reviews of films, books or plays",article,describe (b2),holistic (b2),"media, arts, literature, and entertainment (b2)",,,0.83,1200,0.1,0.0,1.0,,FALSE,,,0.0,0.0,,0,,,
W-B2-21,General,,,Read the task below and write your response in the space provided.,<p><strong>Write a report about waste management in your area for the local council. </strong></p><p><br></p><p>Include information about: </p><p><br></p><p>- current situation </p><p>- main problems </p><p>- successful solutions from other areas </p><p>- specific recommendations</p>,Writing,b2,can synthesize information and arguments from a number of sources,report,describe (b2),holistic (b2),natural world and environment (b2),,,0.83,1200,0.1,0.0,1.0,,FALSE,,,0.0,0.0,,0,,,
W-B2-22,General,,,Read the task below and write your response in the space provided.,<p><strong>Write a proposal to your manager suggesting flexible working hours. </strong></p><p><br></p><p>Include information about: </p><p><br></p><p>- current situation </p><p>- benefits to employees </p><p>- benefits to company </p><p>- implementation suggestions</p>,Writing,b2,can compose formal letters requesting or suggesting changes,email / letter,persuade (b2),holistic (b2),workplace and jobs (b2),,,0.83,1200,0.1,0.0,1.0,,FALSE,,,0.0,0.0,,0,,,
W-B2-23,General,,,Read the task below and write your response in the space provided.,<p>Write an article for a health magazine about work-life balance. </p><p><br></p><p>Include information about: </p><p><br></p><p>- current challenges </p><p>- impacts on health </p><p>- successful strategies </p><p>- expert recommendations</p>,Writing,b2,"can write clear, detailed descriptions on a variety of subjects",report,inform (b2),holistic (b2),body and health (b2),,,0.83,1200,0.1,0.0,1.0,,FALSE,,,0.0,0.0,,0,,,
W-B2-24,General,,,Read the task below and write your response in the space provided.,<p><strong>Write a letter to your bank complaining about incorrect charges. </strong></p><p><br></p><p>Include information about: </p><p><br></p><p>- account details </p><p>- explanation of problem </p><p>- evidence of error </p><p>- requested resolution</p>,Writing,b2,can compose formal letters of complaint including supporting details,email / letter,describe (b2),holistic (b2),"business, industry, and the economy (b2)",,,0.83,1200,0.1,0.0,1.0,,FALSE,,,0.0,2.0,,0,,,
W-B2-25,General,,,Read the task below and write your response in the space provided.,<p><em>Artificial intelligence is becoming a part of everyday life for many people.</em></p><p><br></p><p><strong>Write an essay discussing the benefits and risks of AI in daily life.</strong></p><p><br></p><ul><li>Consider how AI is already being used and how it affects people's lives</li><li>Think about both the opportunities it creates and the problems it could cause</li><li>Use examples from your own experience or things you have read about</li></ul><p><br></p>,Writing,b2,can develop an argument systematically with appropriate highlighting,essay,describe (b2),holistic (b2),science and technology (b2),,,0.83,1200,0.1,0.0,1.0,,FALSE,,,0,4,,0,50,400,
W-B2-26,General,,,Read the task below and write your response in the space provided.,"<p><em>Working from home has become increasingly common in recent years.</em></p><p><br></p><p><strong>Write an essay discussing the advantages and disadvantages of working from home.</strong></p><p><br></p><ul><li>Consider how it affects productivity, work-life balance, and relationships with colleagues</li><li>Think about which types of workers or jobs benefit most and which do not</li><li>Use examples from your own experience or people you know</li></ul><p><br></p>",Writing,b2,"can write an essay which develops an argument, giving reasons in support of or against a particular point of view",essay,describe (b2),holistic (b2),science and technology (b2),,,0.83,1200,0.1,0.0,1.0,,FALSE,,,0,4,,0,50,400,
W-B2-27,General,,,Read the task below and write your response in the space provided.,<p><strong>Write a review comparing how different news sources report the same event. </strong></p><p><br></p><p>Include information about: </p><p><br></p><p>- main perspectives </p><p>- evidence used </p><p>- potential bias </p><p>- overall reliability</p>,Writing,b2,can evaluate different ideas or solutions to a problem,report,describe (b2),holistic (b2),"media, arts, literature, and entertainment (b2)",,,0.83,1200,0.1,0.0,1.0,,FALSE,,,0.0,0.0,,0,,,
W-C1-1,General,,,Read the task below and write your response in the space provided.,<p><strong>Write a report examining the impact of remote work on employee mental health. </strong></p><p><br></p><p>Include information about: </p><p><br></p><p>- research findings </p><p>- psychological effects </p><p>- productivity implications </p><p>- organizational strategies </p><p>- recommendations</p>,Writing,c1,"can write clear, well-structured reports that present relevant arguments cogently",report,evaluate (c1),holistic (c1),body and health (c1),,,0.93,1200,0.1,0.0,1.0,,FALSE,,,0.0,0.0,,0,,,
W-C1-2,General,,,Read the task below and write your response in the space provided.,"<p><em>Technology has transformed society in ways that were unimaginable a generation ago.</em></p><p><br></p><p><strong>Write an essay examining whether the benefits of technology outweigh its costs to society.</strong></p><p><br></p><ul><li>Consider the impact of technology on human relationships, work, and individual freedom</li><li>Evaluate the extent to which technology creates new problems while solving old ones</li><li>Support your argument with specific evidence and examples</li></ul><p><br></p>",Writing,c1,"""can produce clear, well-structured expositions of complex subjects, underlining the relevant salient issues""",essay,evaluate (c1),holistic (c1),science and technology (c1),,,0.93,1200,1.0,0.0,1.0,,FALSE,,,0,2,,0,50,500,
W-C1-5,General,,,Read the task below and write your response in the space provided.,"<p><em>Climate change is no longer a distant threat, its effects are already being felt by communities around the world.</em></p><p><br></p><p><strong>Write an essay examining how climate change is affecting local communities and who bears the greatest responsibility for addressing it.</strong></p><p><br></p><ul><li>Consider the specific ways climate change impacts people's daily lives, livelihoods, and wellbeing</li><li>Evaluate the role of governments, corporations, and individuals in both causing and solving the problem</li><li>Support your argument with specific evidence and examples</li></ul><p><br></p>",Writing,c1,"""can produce clear, well-structured expositions of complex subjects, underlining the relevant salient issues""",essay,evaluate (c1),holistic (c1),natural world and environment (c1),,,0.93,1200,1.0,0.0,1.0,,FALSE,,,0,1,,0,50,500,
W-C1-6,General,,,Read the task below and write your response in the space provided.,"<p><strong>Write a proposal for improving work-life balance in your company. </strong></p><p><br></p><p>Include the following: </p><p><br></p><ul><li>Background Information, </li><li>Analysis, </li><li>Recommendations.</li></ul>",Writing,c1,"""can present a complex topic confidently and articulately to an audience unfamiliar with it""",proposal,evaluate (c1),holistic (c1),workplace and jobs (c1),,,0.93,1200,0.1,0.0,1.0,,FALSE,,,0.0,2.0,,0,,,
W-C1-7,General,,,Read the task below and write your response in the space provided.,<p><strong>Write a proposal for implementing ethical AI practices in workplace decision-making. </strong></p><p><br></p><p>Address the following: </p><p><br></p><p>- current practices </p><p>- ethical considerations </p><p>- implementation strategy </p><p>- risk management </p><p>- success metrics</p>,Writing,c1,"can produce clear, detailed proposals on complex subjects",proposal,evaluate (c1),holistic (c1),science and technology (c1),,,0.93,1200,0.1,0.0,1.0,,FALSE,,,0.0,2.0,,0,,,
W-C1-8,General,,,Read the task below and write your response in the space provided.,<p><strong>Write an article analyzing how social media affects political discourse. </strong></p><p><br></p><p>Examine the following: </p><p><br></p><p>- information dissemination </p><p>- echo chambers </p><p>- democratic participation </p><p>- policy implications </p><p>- future trends</p>,Writing,c1,"can write clear, well-structured expositions integrating sub-themes",article,evaluate (c1),holistic (c1),politics and society (c1),,,0.93,1200,0.1,0.0,1.0,,FALSE,,,0.0,0.0,,0,,,
W-C1-9,General,,,Read the task below and write your response in the space provided.,"<p><em>Fuel prices affect almost every aspect of daily life, from the cost of food to the ability to travel to work.</em></p><p><br></p><p><strong>Write an essay examining whether governments should control the price of fuel.</strong></p><p><br></p><ul><li><em>Consider the arguments for and against government intervention in fuel pricing</em></li><li><em>Evaluate the impact of high fuel prices on different groups in society</em></li><li><em>Support your position with specific evidence and reasoning</em></li></ul><p><br></p>",Writing,c1,"can present complex topics clearly, marking relationships between ideas",essay,persuade (c1),holistic (c1),natural world and environment (c1),,,0.9,1200,1.0,0.0,1.0,,FALSE,,,0,0,,0,50,500,
W-C1-10,General,,,Read the task below and write your response in the space provided.,<p><strong>Write an analysis of how digital technology is transforming contemporary art. </strong></p><p><br></p><p>Examine the following: </p><p><br></p><p>- artistic practices </p><p>- audience engagement </p><p>- market dynamics </p><p>- cultural implications </p><p>- future directions</p>,Writing,c1,"can write clear, detailed analyses showing relationships between concepts",report,evaluate (c1),holistic (c1),"media, arts, literature, and entertainment (c1)",,,0.93,1200,0.1,0.0,1.0,,FALSE,,,0.0,0.0,,0,,,
W-C1-11,General,,,Read the task below and write your response in the space provided.,<p><strong>Write an advisory report on implementing sustainable urban development. </strong></p><p><br></p><p>Include the following: </p><p><br></p><p>- environmental aspects </p><p>- economic viability </p><p>- social impact </p><p>- technical feasibility </p><p>- implementation roadmap</p>,Writing,c1,"can write clear, well-structured complex reports",report,evaluate (c1),holistic (c1),"countries, cities, towns, and public places (c1)",,,0.93,1200,0.1,0.0,1.0,,FALSE,,,0.0,0.0,,0,,,
W-C1-14,General,,,Read the task below and write your response in the space provided.,"<p><em>Some people argue that individual actions make little difference to environmental protection when compared to the power of corporations and governments.</em></p><p><br></p><p><strong>Write an essay responding to this statement, giving your own view.</strong></p><p><br></p><ul><li>Consider the arguments for and against individual responsibility</li><li>Evaluate the role of corporations and governments in driving meaningful change</li><li>Support your position with examples from your own knowledge and experience</li></ul><p><br></p>",Writing,c1,"can produce clear, well-structured expositions of complex subjects, underlining the relevant salient issues, expanding and supporting points of view at some length with subsidiary points, reasons and relevant examples.",essay,evaluate (c1),holistic (c1),natural world and environment (c1),,,0.93,1200,1.0,0.0,1.0,,FALSE,,,0,1,,0,50,500,
W-C1-15,General,,,Read the task below and write your response in the space provided.,"<p><em>As artificial intelligence becomes more powerful, some argue it should be controlled by international law.</em></p><p><br></p><p><strong>Write an essay responding to this statement, giving your own view.</strong></p><p><br></p><ul><li>Consider the potential risks of unregulated AI development and who might be affected</li><li>Evaluate whether international regulation is realistic and who should be responsible</li><li>Support your position with examples from your own knowledge and experience</li></ul><p><br></p>",Writing,c1,"can produce clear, well-structured expositions of complex subjects, underlining relevant salient issues",essay,evaluate (c1),holistic (c1),science and technology (c1),,,0.93,1200,0.1,0.0,1.0,,FALSE,,,0,1,,0,50,500,
W-C1-16,General,,,Read the task below and write your response in the space provided.,<p><strong>Write a review evaluating a recent international environmental agreement. </strong></p><p><br></p><p>Analyze the following: </p><p><br></p><p>- key provisions </p><p>- stakeholder interests </p><p>- implementation challenges </p><p>- likely effectiveness </p><p>- recommendations for improvement</p>,Writing,c1,"can write clear, detailed, well-structured reviews on complex topics",article,evaluate (c1),holistic - c1 (all skills),natural world and environment (c1),,,0.93,1200,0.1,0.0,1.0,,FALSE,,,0.0,0.0,,0,,,
W-B1-8,General,,,Read the task below and write your response in the space provided.,"<p>You are going away for a week. </p><p><br></p><p><strong>Write an email to your friend who is taking care of your cat. </strong></p><p><br></p><p>Tell them what to feed the cat, how often, and any other important details.</p>",Writing,b1,"""can take messages communicating enquiries and explaining problems""",email / letter,inform (b1),holistic (b1),"people, relationships, and family (b1)",,,0.64,1200,0.1,0.0,1.0,,FALSE,,,0.0,2.0,,0,,,
W-B1-16,General,,,Read the task below and write your response in the space provided.,"<p><strong>Read the following text about the Scottish Highlands, then write a short summary.</strong></p><p><br></p><p class=""ql-align-center""><strong><u>The Scottish Highlands</u></strong></p><p><br></p><p>The Scottish Highlands are a region of outstanding natural beauty located in the northern part of Scotland. Known for their dramatic landscapes, the Highlands feature towering mountains, deep glens, and clear lochs. One of the most famous natural landmarks is Ben Nevis, the tallest mountain in the United Kingdom, which attracts hikers and climbers from around the world.</p><p><br></p><p>The region is not just about nature; it also has a rich cultural history. The Highlands were the site of many historical events, including the famous Jacobite uprisings of the 18th century. Castles such as Eilean Donan and Urquhart tell the story of Scotland’s turbulent past. The area is also home to traditions such as Highland games, which celebrate Scottish culture through sports, music, and dancing.</p><p><br></p><p>Today, the Highlands are a popular destination for tourists. Visitors can enjoy activities like hiking, wildlife spotting, and exploring picturesque villages. The local economy relies heavily on tourism, alongside agriculture and fishing. Despite its remoteness, the region offers a unique blend of natural beauty and cultural heritage.</p>",Writing,b1,"""can summarise, report and give their opinion about accumulated factual information on familiar matters""",summary,describe (b1),holistic (b1),"countries, cities, towns, and public places (b1)",,,0.64,600,0.1,0.0,1.0,,FALSE,,,0.0,9.0,,0,,,
W-B1-17,General,,,Read the task below and write your response in the space provided.,"<p><strong>Read the following text comparing two mobile phones, then write a short summary.&nbsp;&nbsp;</strong></p><p><br></p><p class=""ql-align-center""><strong><u>Comparing Two Mobile Phones</u></strong></p><p><br></p><p>When choosing a new mobile phone, comparing features is essential. Let’s look at two popular models: the TechPhone X2 and the Galaxy Lite 12. Both offer excellent functionality but cater to slightly different users.</p><p><br></p><p>The TechPhone X2 is known for its long battery life, lasting up to 48 hours on a single charge. It also has a sleek design and a large 6.5-inch screen, making it ideal for watching videos or browsing the internet. Its camera is capable of capturing high-resolution images, perfect for photography enthusiasts. However, the TechPhone X2 is slightly heavier and costs more than the Galaxy Lite 12.</p><p><br></p><p>On the other hand, the Galaxy Lite 12 is lightweight and more affordable. While its battery lasts only 36 hours, it charges faster. Its 6.1-inch screen is slightly smaller but still offers excellent quality for streaming content. The Galaxy Lite 12’s camera is not as advanced as the TechPhone X2, but it performs well in good lighting conditions.</p><p><br></p><p>Both phones include advanced features like face recognition and high-speed processors. Ultimately, the choice depends on personal preferences and priorities, such as budget, screen size, or battery life.</p>",Writing,b1,"""can summarise straightforward factual information on familiar routine matters""",summary,inform (b1),holistic (b1),science and technology (b1),,,0.64,600,0.1,0.0,1.0,,FALSE,,,0.0,10.0,,0,,,
W-B1-19,General,,,Read the task below and write your response in the space provided.,"<p><strong>Read the following text about the Industrial Revolution, then write a short summary.</strong></p><p><br></p><p class=""ql-align-center""><strong><u>The Industrial Revolution</u></strong></p><p><br></p><p>The Industrial Revolution, which began in the late 18th century, was a period of significant change in Europe and North America. It marked the transition from manual labor to machine-based manufacturing, starting in Britain before spreading worldwide.</p><p><br></p><p>During this time, new inventions such as the spinning jenny and the steam engine transformed industries like textiles and transportation. Factories replaced small workshops, and cities grew as people moved to urban areas for work. This period also saw the rise of railways, which made it easier to transport goods across long distances.</p><p><br></p><p>However, the Industrial Revolution brought challenges as well. Many factory workers faced long hours and poor working conditions. Child labor was common, and pollution from factories increased. Despite these issues, the era laid the foundation for modern industrial economies and led to improvements in areas like education and healthcare over time.</p><p><br></p><p>The Industrial Revolution was a turning point in history, shaping the way we live and work today.</p>",Writing,b1,"""can summarise the main points in simple, factual texts on familiar subjects""",summary,describe (b1),holistic (b1),"business, industry, and the economy (b1)",,,0.64,600,0.1,0.0,1.0,,FALSE,,,0.0,6.0,,0,,,
W-C1-3,General,,,Read the task below and write your response in the space provided.,"<p><strong>Read the four articles and write a report outlining waste management issues and solutions.</strong></p><p><br></p><p><strong>Text 1: The Problem of Plastic Waste</strong></p><p><br></p><p>Plastic waste is one of the most significant environmental challenges today. Millions of tons of plastic end up in oceans and landfills every year, causing harm to marine life and ecosystems. Single-use plastics, such as bags, bottles, and packaging, contribute to the majority of this problem. Due to its non-biodegradable nature, plastic takes hundreds of years to decompose. Governments and organizations have started promoting alternatives like biodegradable materials and reusable products. Bans on single-use plastics and incentives for businesses to reduce plastic use have been introduced, but consumer habits must also change to make a significant impact.</p><p><br></p><p><strong>Text 2: Urban Waste and Overfilled Landfills</strong></p><p><br></p><p>Cities generate enormous amounts of waste daily, which often overwhelms landfills. A lack of efficient sorting systems leads to recyclable and organic waste being dumped alongside non-recyclable materials. This not only fills landfills faster but also produces harmful gases like methane, contributing to climate change. Solutions such as waste segregation at the source, composting organic waste, and encouraging recycling through community initiatives have proven effective. Many cities are also investing in waste-to-energy plants, which convert non-recyclable waste into usable energy, reducing landfill dependency.</p><p><br></p><p><strong>Text 3: E-Waste: A Growing Concern</strong></p><p><br></p><p>Electronic waste (e-waste) is rapidly becoming a serious issue due to the increased consumption of digital devices. Items like old smartphones, computers, and batteries are often discarded improperly, leading to soil and water contamination from hazardous chemicals. E-waste also contains valuable metals like gold and copper, which are lost during improper disposal. To address this, governments are implementing e-waste recycling programs and introducing ""take-back"" schemes where manufacturers are responsible for collecting and recycling old devices. Consumers are encouraged to donate or properly recycle electronics instead of disposing of them.</p><p><br></p><p><strong>Text 4: Community-Based Waste Solutions</strong></p><p><br></p><p>Community involvement is crucial for effective waste management. Educational campaigns about recycling and responsible waste disposal can help raise awareness. Programs such as “zero-waste” communities promote practices like reducing consumption, reusing materials, and composting organic waste. In some areas, local governments partner with non-profit organizations to provide waste bins for segregation and organize clean-up drives. Additionally, rewards or tax incentives for households and businesses that effectively manage their waste encourage active participation. Such grassroots solutions have proven to significantly reduce waste generation and promote a cleaner environment.</p>",Writing,c1,"""can write clear, detailed, well-structured and developed descriptions and imaginative texts""",report,evaluate (c1),holistic (c1),natural world and environment (c1),,,0.93,1200,0.1,0.0,1.0,,FALSE,,,0.0,0.0,,0,,,
W-C1-4,General,,,Read the task below and write your response in the space provided.,"<p><strong>Read the text exchange between two friends and then write a formal letter of complaint to a hotel manager.&nbsp;&nbsp;&nbsp;&nbsp;</strong></p><p><br></p><p><strong>Mark</strong>: So, Dubai second honeymoon? Must be incredible!</p><p><br></p><p><strong>Jake</strong>: Don’t even talk to me. This so-called “luxury” hotel is a disaster.</p><p><br></p><p><strong>Mark</strong>: What?! Isn’t it 5-star? What’s wrong?</p><p><br></p><p><strong>Jake</strong>: First, the room wasn’t ready when we arrived. We spent three hours staring at fake gold decor in the lobby.</p><p><br></p><p><strong>Mark</strong>: Three hours?! That’s ridiculous.</p><p><br></p><p><strong>Jake</strong>: Oh, and the air con’s broken, so the room feels like a sauna. I swear I’m melting. Plus, they forgot our dinner reservation last night.</p><p><br></p><p><strong>Mark</strong>: Seriously poor. Anything else?</p><p><br></p><p><strong>Jake</strong>: The pillows are too soft—I feel like I’m drowning in them. Oh, and the pool bar ran out of those fancy mango mocktails my wife loves.</p><p><br></p><p><strong>Mark</strong>: Soft pillows and no drinks? ... Sounds like first-world problems!</p><p><br></p><p><strong>Jake</strong>: Look, I know that’s petty, but with all the noise from the construction next door, I’m at breaking point.</p><p><br></p><p><strong>Mark</strong>: Fair. But maybe skip the pillow complaint…</p><p><br></p><p><strong>Jake</strong>: Yeah, you’re right. I’ll focus on the important stuff. But still—what kind of “luxury” is this?!</p>",Writing,c1,"""can compose formal correspondence such as letters of complaint using appropriate register""",email / letter,evaluate (c1),holistic (c1),"holidays, travel, and transportation (c1)",,,0.93,1200,0.1,0.0,1.0,,FALSE,,,0.0,3.0,,0,,,
W-C1-12,General,,,Read the task below and write your response in the space provided.,<p><strong>Write an analysis of international refugee policy effectiveness. </strong></p><p><br></p><p>Consider the following: </p><p><br></p><p>- current frameworks</p><p>- implementation challenges </p><p>- humanitarian impacts </p><p>- coordination issues </p><p>- reform proposals</p>,Writing,c1,can write clear analyses of complex social issues,report,evaluate (c1),holistic (c1),politics and society (c1),,,0.93,1200,0.1,0.0,1.0,,FALSE,,,0.0,0.0,,0,,,
W-C1-13,General,,,Read the task below and write your response in the space provided.,<p><strong>Write a research report on urban air pollution solutions. </strong></p><p><br></p><p>Include the following: </p><p><br></p><p>- environmental science </p><p>- public health </p><p>- urban planning </p><p>- economic factors </p><p>- policy recommendations</p>,Writing,c1,can synthesize information from various sources into coherent arguments,report,evaluate (c1),holistic (c1),natural world and environment (c1),,,0.93,1200,0.1,0.0,1.0,,FALSE,,,0.0,0.0,,0,,,
W-C1-901,General,,carbon pricing mechanisms,instruction,"<p><em>Many governments are considering laws that would prevent children and teenagers from using social media.</em></p><p><br></p><p><strong>Write an essay responding to this statement: 'Social media platforms should be banned for anyone under the age of 16.'</strong></p><p><br></p><ul><li>Consider the arguments for and against restricting young people's access to social media</li><li>Evaluate the responsibility of governments, platforms, and parents in protecting young people online</li><li>Support your position with examples from your own knowledge and experience</li></ul><p><br></p>",Writing,c1,"can present complex topics clearly, marking relationships between ideas",essay,evaluate (c1),holistic (c1),science and technology (c1),,,0.93,1200,1.0,0.0,1.0,,FALSE,,,0,0,,0,50,500,
W-C1-20001,General,,Task title,instruction,Write an analysis of international refugee policy effectiveness. Consider: - current frameworks - implementation challenges - humanitarian impacts - coordination issues - reform proposals,Writing,c1,can write clear analyses of complex social issues,report,policy analysis,,global challenges (accessible),,,0.9,1200,0.5,0.0,1.0,"""""",FALSE,,,0.0,0.0,,0,,,
W-A1-20260401080639,,,,Read the task below and write your response in the space provided.,<p><strong>Write about your hobbies.</strong></p><p><br></p><ul><li>What do you like to do in your free time?</li><li>When do you do this?</li><li>Why do you enjoy it?</li></ul><p><br></p>,Writing,a1,"can write straightforward, detailed descriptions on familiar subjects",paragraph,inform (a1),holistic (a1),"sports, hobbies, and interests (a1)",,,0.32,600,1.0,0.0,1.0,,FALSE,,,0,0,,0,20,150,
W-A1-20260401080754,,,,Read the task below and write your response in the space provided.,<p><strong>Write about your home.</strong></p><p><br></p><ul><li>Where do you live?</li><li>What is your home like?</li><li>What do you like about it?</li></ul><p><br></p>,Writing,a1,"can write short, simple notes and messages relating to matters in areas of immediate need",paragraph,inform (a1),holistic (a1),"house, home, and daily life (a1)",,,0.32,600,1.0,0.0,1.0,,FALSE,,,0,0,,0,25,150,
W-A2-20260401081154,,,,Read the task below and write your response in the space provided.,<p><strong>Write about your weekend.</strong></p><p><br></p><ul><li>What did you do?</li><li>Who did you spend time with?</li><li>What did you enjoy the most?</li></ul><p><br></p>,Writing,a2,"can write straightforward, detailed descriptions on familiar subjects",paragraph,inform (a2),holistic (b1),"sports, hobbies, and interests (a2)",,,0.47,600,1.0,0.0,1.0,,FALSE,,,0,0,,0,25,250,
W-A2-20260401081256,,,,Read the task below and write your response in the space provided.,<p><strong>Write about a typical day.</strong></p><p><br></p><ul><li>What time do you get up?</li><li>What do you do during the day?</li><li>How do you feel at the end of the day?</li></ul><p><br></p>,Writing,a2,"can leave a simple message giving information regarding for instance where they have gone, or what time they will be back",paragraph,inform (a2),holistic (a1),"sports, hobbies, and interests (a2)",,,0.47,600,1.0,0.0,1.0,,FALSE,,,0,0,,0,25,250,
W-A2-20260401081426,,,,Read the task below and write your response in the space provided.,<p><strong>Write about something you enjoy doing.</strong></p><p><br></p><ul><li>What do you enjoy doing?</li><li>When and where do you do it?</li><li>Why do you like it?</li></ul><p><br></p>,Writing,a2,"can leave a simple message giving information regarding for instance where they have gone, or what time they will be back",paragraph,inform (a2),holistic (a1),"sports, hobbies, and interests (a2)",,,0.47,600,1.0,0.0,1.0,,FALSE,,,0,0,,0,25,250,
W-B1-20260401081828,,,,Read the task below and write your response in the space provided.,<p><em>The way people work is changing in many countries.</em></p><p><br></p><p><strong>Write an essay discussing how work and jobs are different today compared to the past.</strong></p><p><br></p><ul><li>Think about how technology has changed the workplace</li><li>Consider both the benefits and challenges of these changes</li><li>Use examples from your own experience or people you know</li></ul><p><br></p>,Writing,b1,"can leave a simple message giving information regarding for instance where they have gone, or what time they will be back",essay,describe (b1),holistic (a1),workplace and jobs (b1),,,0.64,900,1.0,0.0,1.0,,FALSE,,,0,14,,0,25,300,
W-B1-20260401081932,,,,Read the task below and write your response in the space provided.,<p><em>Many people are worried about the state of the environment.</em></p><p><br></p><p><strong>Write an essay discussing what people in your community can do to help the environment.</strong></p><p><br></p><ul><li>Think about everyday actions people can take</li><li>Consider both individual responsibility and the role of local government</li><li>Use examples from your own life and community</li></ul><p><br></p>,Writing,b1,"can write short, simple essays on topics of interest",essay,inform (b1),holistic (b1),natural world and environment (b1),,,0.64,900,1.0,0.0,1.0,,FALSE,,,0,21,,0,25,300,
W-B1-20260401082034,,,,Read the task below and write your response in the space provided.,<p><em>Education is changing in many parts of the world.</em></p><p><br></p><p><strong>Write an essay discussing how technology is changing the way people learn.</strong></p><p><br></p><ul><li>Think about how students use technology in and out of the classroom</li><li>Consider both the advantages and disadvantages</li><li>Use examples from your own experience as a learner</li></ul><p><br></p>,Writing,b1,can produce simple phrases and sentences about themselves and imaginary people,essay,inform (b1),holistic (a1),science and technology (b1),,,0.64,900,1.0,0.0,1.0,,FALSE,,,0,26,,0,25,300,
W-B1-20260401082137,,,,Read the task below and write your response in the space provided.,<p><em>Online shopping is becoming more popular every year.</em></p><p><br></p><p><strong>Write an essay discussing how shopping habits have changed in recent years.</strong></p><p><br></p><ul><li>Think about how people shopped in the past compared to now</li><li>Consider both the benefits and drawbacks of online shopping</li><li>Use examples from your own shopping habits</li></ul><p><br></p>,Writing,b1,"can write reviews of films, books or plays",essay,inform (b1),holistic (b1),"shopping, money, and personal finance (b1)",,,0.64,900,1.0,0.0,1.0,,FALSE,,,0,15,,0,25,300,
W-B1-20260401082235,,,,Read the task below and write your response in the space provided.,"<p><em>Tourism brings many visitors to cities and towns around the world.</em></p><p><br></p><p><strong>Write an essay discussing the effects of tourism on your town or country.</strong></p><p><br></p><ul><li>Think about both the positive and negative effects</li><li>Consider the impact on local people, businesses, and the environment</li><li>Use examples from your own experience or knowledge</li></ul><p><br></p>",Writing,b1,"can write straightforward, detailed descriptions on familiar subjects",essay,inform (b1),holistic (b1),"holidays, travel, and transportation (b1)",,,0.64,900,1.0,0.0,1.0,,FALSE,,,0,21,,0,25,900,
W-B1-20260401082337,,,,Read the task below and write your response in the space provided.,<p><em>Technology plays a big part in most people's daily lives.</em></p><p><br></p><p><strong>Write an essay discussing how technology affects the way people communicate.</strong></p><p><br></p><ul><li>Think about how communication has changed in recent years</li><li>Consider both the benefits and problems this brings</li><li>Use examples from your own daily life</li></ul><p><br></p>,Writing,b1,can fill in personal information on a form,essay,inform (b1),holistic (a1),science and technology (b1),,,0.64,900,1.0,0.0,1.0,,FALSE,,,0,22,,0,25,300,
W-B2-20260401083650,,,,Read the task below and write your response in the space provided.,"<p><em>The fashion industry produces more clothing than ever before, much of which ends up as waste.</em></p><p><br></p><p><strong>Write an essay discussing the environmental impact of fast fashion.</strong></p><p><br></p><ul><li>Consider how the fast fashion industry affects the environment and the people who work in it</li><li>Think about what individuals and companies could do differently</li><li>Use examples from your own shopping habits or things you have read about</li></ul><p><br></p>",Writing,b2,"can write reviews of films, books or plays",essay,evaluate (b2),holistic (c1),"shopping, money, and personal finance (b2)",,,0.83,1200,1.0,0.0,1.0,,FALSE,,,0,0,,0,50,400,
W-B2-20260401083820,,,,Read the task below and write your response in the space provided.,"<p><em>Celebrities have more influence over people's lives than ever before.</em></p><p><br></p><p><strong>Write an essay discussing the positive and negative influence of celebrity culture on society.</strong></p><p><br></p><ul><li>Consider how celebrities affect people's values, lifestyle choices, and self-image</li><li>Think about whether this influence is mostly positive or mostly harmful</li><li>Use examples from celebrities or trends you are familiar with</li></ul><p><br></p>",Writing,b2,"can leave a simple message giving information regarding for instance where they have gone, or what time they will be back",essay,evaluate (b2),holistic (a1),"people, relationships, and family (b2)",,,0.83,1200,1.0,0.0,1.0,,FALSE,,,0,4,,0,50,500,
W-B2-20260401083916,,,,Read the task below and write your response in the space provided.,"<p><em>More young people than ever are choosing to go to university, but some question whether it is worth it.</em></p><p><br></p><p><strong>Write an essay discussing the value of higher education in today's world.</strong></p><p><br></p><ul><li>Consider the benefits of a university education beyond just getting a job</li><li>Think about the financial costs and whether there are other paths to success</li><li>Use examples from your own experience or people you know</li></ul><p><br></p>",Writing,b2,"can write clear, detailed, well-structured reviews on complex topics",essay,evaluate (b2),holistic (c1),"education, study, and language (b2)",,,0.83,1200,1.0,0.0,1.0,,FALSE,,,1,2,,0,50,400,
W-B2-20260401084009,,,,Read the task below and write your response in the space provided.,"<p><em>People have very different opinions about whether it is better to live in a city or the countryside.</em></p><p><br></p><p><strong>Write an essay discussing the advantages and disadvantages of urban and rural living.</strong></p><p><br></p><ul><li>Consider how the two lifestyles differ in terms of opportunities, cost, and quality of life</li><li>Think about what kind of person might prefer each environment and why</li><li>Use examples from your own experience or observations</li></ul><p><br></p>",Writing,b2,"can leave a simple message giving information regarding for instance where they have gone, or what time they will be back",essay,evaluate (b2),holistic (a1),"house, home, and daily life (b2)",,,0.83,1200,1.0,0.0,1.0,,FALSE,,,0,2,,0,50,400,
W-C1-20260401084917,,,,Read the task below and write your response in the space provided.,"<p><em>Music is present in almost every aspect of modern life, from advertising to politics to personal identity.</em></p><p><br></p><p><strong>Write an essay examining the extent to which music shapes the way people think, feel, and behave.</strong></p><p><br></p><ul><li>Consider how music influences culture, identity, and social behaviour</li><li>Evaluate whether this influence is largely positive or whether it can also be harmful</li><li>Support your position with examples from your own knowledge and experience</li></ul><p><br></p>",Writing,c1,can write summaries and reviews of professional or literary works.,essay,persuade (c1),holistic (c1),"media, arts, literature, and entertainment (c1)",,,0.93,1200,1.0,0.0,1.0,,FALSE,,,0,0,,0,50,500,
W-C1-20260401085011,,,,Read the task below and write your response in the space provided.,"<p><em>Public holidays are celebrated differently across cultures, but their value is increasingly being questioned in modern societies.</em></p><p><br></p><p><strong>Write an essay responding to this statement: 'Public holidays have lost their meaning in the modern world.'</strong></p><p><br></p><ul><li>Consider what purpose public holidays serve and whether they still fulfil that purpose</li><li>Evaluate the tension between tradition and the demands of modern working life</li><li>Support your position with examples from your own culture and experience</li></ul><p><br></p>",Writing,c1,"can write short, simple essays on topics of interest",essay,persuade (c1),holistic (c1),"cultures, customs, religion, and traditions (c1)",,,0.93,1200,1.0,0.0,1.0,,FALSE,,,0,0,,0,50,500,
W-C1-20260401085101,,,,Read the task below and write your response in the space provided.,"<p><em>Car ownership was once seen as a symbol of freedom and success, but attitudes are changing.</em></p><p><br></p><p><strong>Write an essay examining whether owning a car is still necessary in today's world.</strong></p><p><br></p><ul><li>Consider how urban development, public transport, and environmental concerns affect the need for a car</li><li>Evaluate whether the benefits of car ownership still outweigh the costs</li><li>Support your position with examples from your own experience and observations</li></ul><p><br></p>",Writing,c1,"can leave a simple message giving information regarding for instance where they have gone, or what time they will be back",essay,persuade (c1),holistic (c1),"holidays, travel, and transportation (c1)",,,0.93,1200,1.0,0.0,1.0,,FALSE,,,0,0,,0,50,500,
W-C1-20260401085151,,,,Read the task below and write your response in the space provided.,<p><em>The number of pets kept in homes around the world has grown significantly in recent decades.</em></p><p><br></p><p><strong>Write an essay responding to this statement: 'Keeping animals as pets is fundamentally selfish.'</strong></p><p><br></p><ul><li>Consider the arguments for and against pet ownership from both human and animal perspectives</li><li>Evaluate the responsibilities that come with owning a pet and whether most owners fulfil them</li><li>Support your position with examples from your own knowledge and experience</li></ul><p><br></p>,Writing,c1,"can leave a simple message giving information regarding for instance where they have gone, or what time they will be back",essay,persuade (c1),holistic (a1),"people, relationships, and family (c1)",,,0.93,1200,1.0,0.0,1.0,,FALSE,,,0,0,,0,50,500,
W-B1-20260401093728,,,,Read the task below and write your response in the space provided.,<p><em>Friendship is one of the most important parts of people's lives.</em></p><p><br></p><p><strong>Write an essay discussing what makes a good friend and why friendship is important.</strong></p><p><br></p><ul><li>Think about the qualities that make someone a good friend</li><li>Consider how friendships change as people get older</li><li>Use examples from your own experience</li></ul><p><br></p>,Writing,b1,"can write clear, well-structured reports that present relevant arguments cogently",essay,describe (b1),holistic (c1),"people, relationships, and family (b1)",,,0.64,900,1.0,0.0,1.0,,FALSE,,,0,23,,0,50,300,
W-B1-20260401093829,,,,Read the task below and write your response in the space provided.,<p><em>The weather affects people's lives in many different ways.</em></p><p><br></p><p><strong>Write an essay discussing how the weather affects the way you live and feel.</strong></p><p><br></p><ul><li>Think about how different seasons affect your daily routine and mood</li><li>Consider both the positive and negative effects of different types of weather</li><li>Use examples from your own experience</li></ul><p><br></p>,Writing,b1,"can write short, simple essays on topics of interest",essay,describe (b1),holistic (b1),natural world and environment (b1),,,0.64,900,1.0,0.0,1.0,,FALSE,,,0,20,,0,50,300,
W-B1-20260401093929,,,,Read the task below and write your response in the space provided.,<p><em>Music is something that most people enjoy in their daily lives.</em></p><p><br></p><p><strong>Write an essay discussing the role of music in your life and how it affects you.</strong></p><p><br></p><ul><li>Think about when and why you listen to music</li><li>Consider how music can affect your mood and the way you feel</li><li>Use examples from your own experience and hobbies</li></ul><p><br></p>,Writing,b1,"can leave a simple message giving information regarding for instance where they have gone, or what time they will be back",essay,describe (b1),holistic (b1),"media, arts, literature, and entertainment (b1)",,,0.64,900,1.0,0.0,1.0,,FALSE,,,0,17,,0,50,300,
