question_id,response
W-B1-20260401093929,music is something most people enjoy in their daily lives I personly enjoy listening to music in my leisure time .it really good because it helps me relax. It helps in come back in good moods from a stressful day.At times when i listen to spiritual songs they make me to think about my God and close to him and even at times you may find your crying when it has touched.Am really motivated by listening to motivational songs they give the courage to keep on going while in bad days.Like on time whrn iwas going to be baptised anf there ws a song i that i kept memorising on i broke into tears of joy because i was going to do a good thing in the eyes of My God Jehovah.Really listening to music good it relief and it food for the thought.
W-B1-20260401093929,music is something most people enjoy in their daily lives I personly enjoy listening to music in my leisure time .it really good because it helps me relax. It helps in come back in good moods from a stressful day.At times when i listen to spiritual songs they make me to think about my God and close to him and even at times you may find your crying when it has touched.Am really motivated by listening to motivational songs they give the courage to keep on going while in bad days.Like on time whrn iwas going to be baptised anf there ws a song i that i kept memorising on i broke into tears of joy because i was going to do a good thing in the eyes of My God Jehovah.Really listening to music good it relief and it food for the thought.
W-B1-20260401093929,music is something most people enjoy in their daily lives I personly enjoy listening to music in my leisure time .it really good because it helps me relax. It helps in come back in good moods from a stressful day.At times when i listen to spiritual songs they make me to think about my God and close to him and even at times you may find your crying when it has touched.Am really motivated by listening to motivational songs they give the courage to keep on going while in bad days.Like on time whrn iwas going to be baptised anf there ws a song i that i kept memorising on i broke into tears of joy because i was going to do a good thing in the eyes of My God Jehovah.Really listening to music good it relief and it food for the thought.
W-B1-20260401093929,music is something most people enjoy in their daily lives I personly enjoy listening to music in my leisure time .it really good because it helps me relax. It helps in come back in good moods from a stressful day.At times when i listen to spiritual songs they make me to think about my God and close to him and even at times you may find your crying when it has touched.Am really motivated by listening to motivational songs they give the courage to keep on going while in bad days.Like on time whrn iwas going to be baptised anf there ws a song i that i kept memorising on i broke into tears of joy because i was going to do a good thing in the eyes of My God Jehovah.Really listening to music good it relief and it food for the thought.
W-B1-20260401093929,music is something most people enjoy in their daily lives I personly enjoy listening to music in my leisure time .it really good because it helps me relax. It helps in come back in good moods from a stressful day.At times when i listen to spiritual songs they make me to think about my God and close to him and even at times you may find your crying when it has touched.Am really motivated by listening to motivational songs they give the courage to keep on going while in bad days.Like on time whrn iwas going to be baptised anf there ws a song i that i kept memorising on i broke into tears of joy because i was going to do a good thing in the eyes of My God Jehovah.Really listening to music good it relief and it food for the thought.
W-B1-20260401093929,music is something most people enjoy in their daily lives I personly enjoy listening to music in my leisure time .it really good because it helps me relax. It helps in come back in good moods from a stressful day.At times when i listen to spiritual songs they make me to think about my God and close to him and even at times you may find your crying when it has touched.Am really motivated by listening to motivational songs they give the courage to keep on going while in bad days.Like on time whrn iwas going to be baptised anf there ws a song i that i kept memorising on i broke into tears of joy because i was going to do a good thing in the eyes of My God Jehovah.Really listening to music good it relief and it food for the thought.
W-B1-20260401093929,music is something most people enjoy in their daily lives I personly enjoy listening to music in my leisure time .it really good because it helps me relax. It helps in come back in good moods from a stressful day.At times when i listen to spiritual songs they make me to think about my God and close to him and even at times you may find your crying when it has touched.Am really motivated by listening to motivational songs they give the courage to keep on going while in bad days.Like on time whrn iwas going to be baptised anf there ws a song i that i kept memorising on i broke into tears of joy because i was going to do a good thing in the eyes of My God Jehovah.Really listening to music good it relief and it food for the thought.
W-B1-20260401093929,music is something most people enjoy in their daily lives I personly enjoy listening to music in my leisure time .it really good because it helps me relax. It helps in come back in good moods from a stressful day.At times when i listen to spiritual songs they make me to think about my God and close to him and even at times you may find your crying when it has touched.Am really motivated by listening to motivational songs they give the courage to keep on going while in bad days.Like on time whrn iwas going to be baptised anf there ws a song i that i kept memorising on i broke into tears of joy because i was going to do a good thing in the eyes of My God Jehovah.Really listening to music good it relief and it food for the thought.
W-B1-20260401093929,music is something most people enjoy in their daily lives I personly enjoy listening to music in my leisure time .it really good because it helps me relax. It helps in come back in good moods from a stressful day.At times when i listen to spiritual songs they make me to think about my God and close to him and even at times you may find your crying when it has touched.Am really motivated by listening to motivational songs they give the courage to keep on going while in bad days.Like on time whrn iwas going to be baptised anf there ws a song i that i kept memorising on i broke into tears of joy because i was going to do a good thing in the eyes of My God Jehovah.Really listening to music good it relief and it food for the thought.
W-B1-20260401093929,music is something most people enjoy in their daily lives I personly enjoy listening to music in my leisure time .it really good because it helps me relax. It helps in come back in good moods from a stressful day.At times when i listen to spiritual songs they make me to think about my God and close to him and even at times you may find your crying when it has touched.Am really motivated by listening to motivational songs they give the courage to keep on going while in bad days.Like on time whrn iwas going to be baptised anf there ws a song i that i kept memorising on i broke into tears of joy because i was going to do a good thing in the eyes of My God Jehovah.Really listening to music good it relief and it food for the thought.
W-B1-20260401093929,"Listening to music is considered a hobby which relieves stress among people. Music helps process feelings that cannot be expressed. While doing exercise in gym or out door activities, music blocks distractions and makes these activities faster. Music helps create unity through the shared play lists Music helps in cultural identity, basing on the type of music played. It reveals where one comes from for example amapiano and kadongo kamu. Music helps in celebrations which is crucial in bringing happiness among celebrants for example in parties Music is crucial in managing pain for example before surguries, music is played and patients feel less pain. Music is used in encouranging one another for example those who are depressed. Music is also used as sleep aid for example as lallabys for babies while going to sleep. Music is used as therapy among people for example those with autism, stroke which helps in recovery. Music is a vital mechanism in worship which helps revive spiritual life of many people all over the world. Music is used as a business tool for earning income through making money by publishing song. Music is also used as a political tool for searching votes."
W-B1-20260401093929,"Listening to music is considered a hobby which relieves stress among people. Music helps process feelings that cannot be expressed. While doing exercise in gym or out door activities, music blocks distractions and makes these activities faster. Music helps create unity through the shared play lists Music helps in cultural identity, basing on the type of music played. It reveals where one comes from for example amapiano and kadongo kamu. Music helps in celebrations which is crucial in bringing happiness among celebrants for example in parties Music is crucial in managing pain for example before surguries, music is played and patients feel less pain. Music is used in encouranging one another for example those who are depressed. Music is also used as sleep aid for example as lallabys for babies while going to sleep. Music is used as therapy among people for example those with autism, stroke which helps in recovery. Music is a vital mechanism in worship which helps revive spiritual life of many people all over the world. Music is used as a business tool for earning income through making money by publishing song. Music is also used as a political tool for searching votes."
W-B1-20260401093929,"Listening to music is considered a hobby which relieves stress among people. Music helps process feelings that cannot be expressed. While doing exercise in gym or out door activities, music blocks distractions and makes these activities faster. Music helps create unity through the shared play lists Music helps in cultural identity, basing on the type of music played. It reveals where one comes from for example amapiano and kadongo kamu. Music helps in celebrations which is crucial in bringing happiness among celebrants for example in parties Music is crucial in managing pain for example before surguries, music is played and patients feel less pain. Music is used in encouranging one another for example those who are depressed. Music is also used as sleep aid for example as lallabys for babies while going to sleep. Music is used as therapy among people for example those with autism, stroke which helps in recovery. Music is a vital mechanism in worship which helps revive spiritual life of many people all over the world. Music is used as a business tool for earning income through making money by publishing song. Music is also used as a political tool for searching votes."
W-B1-20260401093929,"Listening to music is considered a hobby which relieves stress among people. Music helps process feelings that cannot be expressed. While doing exercise in gym or out door activities, music blocks distractions and makes these activities faster. Music helps create unity through the shared play lists Music helps in cultural identity, basing on the type of music played. It reveals where one comes from for example amapiano and kadongo kamu. Music helps in celebrations which is crucial in bringing happiness among celebrants for example in parties Music is crucial in managing pain for example before surguries, music is played and patients feel less pain. Music is used in encouranging one another for example those who are depressed. Music is also used as sleep aid for example as lallabys for babies while going to sleep. Music is used as therapy among people for example those with autism, stroke which helps in recovery. Music is a vital mechanism in worship which helps revive spiritual life of many people all over the world. Music is used as a business tool for earning income through making money by publishing song. Music is also used as a political tool for searching votes."
W-B1-20260401093929,"Listening to music is considered a hobby which relieves stress among people. Music helps process feelings that cannot be expressed. While doing exercise in gym or out door activities, music blocks distractions and makes these activities faster. Music helps create unity through the shared play lists Music helps in cultural identity, basing on the type of music played. It reveals where one comes from for example amapiano and kadongo kamu. Music helps in celebrations which is crucial in bringing happiness among celebrants for example in parties Music is crucial in managing pain for example before surguries, music is played and patients feel less pain. Music is used in encouranging one another for example those who are depressed. Music is also used as sleep aid for example as lallabys for babies while going to sleep. Music is used as therapy among people for example those with autism, stroke which helps in recovery. Music is a vital mechanism in worship which helps revive spiritual life of many people all over the world. Music is used as a business tool for earning income through making money by publishing song. Music is also used as a political tool for searching votes."
W-B1-20260401093929,"Listening to music is considered a hobby which relieves stress among people. Music helps process feelings that cannot be expressed. While doing exercise in gym or out door activities, music blocks distractions and makes these activities faster. Music helps create unity through the shared play lists Music helps in cultural identity, basing on the type of music played. It reveals where one comes from for example amapiano and kadongo kamu. Music helps in celebrations which is crucial in bringing happiness among celebrants for example in parties Music is crucial in managing pain for example before surguries, music is played and patients feel less pain. Music is used in encouranging one another for example those who are depressed. Music is also used as sleep aid for example as lallabys for babies while going to sleep. Music is used as therapy among people for example those with autism, stroke which helps in recovery. Music is a vital mechanism in worship which helps revive spiritual life of many people all over the world. Music is used as a business tool for earning income through making money by publishing song. Music is also used as a political tool for searching votes."
W-B1-20260401093929,"Listening to music is considered a hobby which relieves stress among people. Music helps process feelings that cannot be expressed. While doing exercise in gym or out door activities, music blocks distractions and makes these activities faster. Music helps create unity through the shared play lists Music helps in cultural identity, basing on the type of music played. It reveals where one comes from for example amapiano and kadongo kamu. Music helps in celebrations which is crucial in bringing happiness among celebrants for example in parties Music is crucial in managing pain for example before surguries, music is played and patients feel less pain. Music is used in encouranging one another for example those who are depressed. Music is also used as sleep aid for example as lallabys for babies while going to sleep. Music is used as therapy among people for example those with autism, stroke which helps in recovery. Music is a vital mechanism in worship which helps revive spiritual life of many people all over the world. Music is used as a business tool for earning income through making money by publishing song. Music is also used as a political tool for searching votes."
W-B1-20260401093929,"Listening to music is considered a hobby which relieves stress among people. Music helps process feelings that cannot be expressed. While doing exercise in gym or out door activities, music blocks distractions and makes these activities faster. Music helps create unity through the shared play lists Music helps in cultural identity, basing on the type of music played. It reveals where one comes from for example amapiano and kadongo kamu. Music helps in celebrations which is crucial in bringing happiness among celebrants for example in parties Music is crucial in managing pain for example before surguries, music is played and patients feel less pain. Music is used in encouranging one another for example those who are depressed. Music is also used as sleep aid for example as lallabys for babies while going to sleep. Music is used as therapy among people for example those with autism, stroke which helps in recovery. Music is a vital mechanism in worship which helps revive spiritual life of many people all over the world. Music is used as a business tool for earning income through making money by publishing song. Music is also used as a political tool for searching votes."
W-B1-20260401093929,"Listening to music is considered a hobby which relieves stress among people. Music helps process feelings that cannot be expressed. While doing exercise in gym or out door activities, music blocks distractions and makes these activities faster. Music helps create unity through the shared play lists Music helps in cultural identity, basing on the type of music played. It reveals where one comes from for example amapiano and kadongo kamu. Music helps in celebrations which is crucial in bringing happiness among celebrants for example in parties Music is crucial in managing pain for example before surguries, music is played and patients feel less pain. Music is used in encouranging one another for example those who are depressed. Music is also used as sleep aid for example as lallabys for babies while going to sleep. Music is used as therapy among people for example those with autism, stroke which helps in recovery. Music is a vital mechanism in worship which helps revive spiritual life of many people all over the world. Music is used as a business tool for earning income through making money by publishing song. Music is also used as a political tool for searching votes."
W-B1-20260401093929,"Listening to music is considered a hobby which relieves stress among people. Music helps process feelings that cannot be expressed. While doing exercise in gym or out door activities, music blocks distractions and makes these activities faster. Music helps create unity through the shared play lists Music helps in cultural identity, basing on the type of music played. It reveals where one comes from for example amapiano and kadongo kamu. Music helps in celebrations which is crucial in bringing happiness among celebrants for example in parties Music is crucial in managing pain for example before surguries, music is played and patients feel less pain. Music is used in encouranging one another for example those who are depressed. Music is also used as sleep aid for example as lallabys for babies while going to sleep. Music is used as therapy among people for example those with autism, stroke which helps in recovery. Music is a vital mechanism in worship which helps revive spiritual life of many people all over the world. Music is used as a business tool for earning income through making money by publishing song. Music is also used as a political tool for searching votes."
W-B1-20260401081828,"How Work and Jobs have changed. The way people work today has greatly changed from the past as a result of technological inventions. Long time ago, most job plannings were focussed on fixed working hours and communication passed through memos and usually physical meetigs. The information and records were stored in files that filled the wall cabinets. Today, technology has done key tranformationns at the work place, with communications passed via emails, workers performing tasks virtually andmeetigs extensivelly organised through zoom and other video conferencing apps. Technology has also created new jobs like app development and many have got it very engaging than the traditional job styles that involved meeting at the office. These changes have brough flexible working schedules, helping parents and students at higher levels to balance studies and other social life aspects. This has been witnessed by Benard at BIP who is able to study and workk at the same time. technology also comes with several challenges such as the need for a constant internet connection which is also paid for leaving the poor behind. Automation has brought a great threat threat to the traditional workers who feel at risk of losing their jons. Conclusively, technology has made work more flexible through enhancing connectivity at all times. The key aspect is only adapting to the changes that it has brought for us."
W-B1-20260401081828,"How Work and Jobs have changed. The way people work today has greatly changed from the past as a result of technological inventions. Long time ago, most job plannings were focussed on fixed working hours and communication passed through memos and usually physical meetigs. The information and records were stored in files that filled the wall cabinets. Today, technology has done key tranformationns at the work place, with communications passed via emails, workers performing tasks virtually andmeetigs extensivelly organised through zoom and other video conferencing apps. Technology has also created new jobs like app development and many have got it very engaging than the traditional job styles that involved meeting at the office. These changes have brough flexible working schedules, helping parents and students at higher levels to balance studies and other social life aspects. This has been witnessed by Benard at BIP who is able to study and workk at the same time. technology also comes with several challenges such as the need for a constant internet connection which is also paid for leaving the poor behind. Automation has brought a great threat threat to the traditional workers who feel at risk of losing their jons. Conclusively, technology has made work more flexible through enhancing connectivity at all times. The key aspect is only adapting to the changes that it has brought for us."
W-B1-20260401081828,"How Work and Jobs have changed. The way people work today has greatly changed from the past as a result of technological inventions. Long time ago, most job plannings were focussed on fixed working hours and communication passed through memos and usually physical meetigs. The information and records were stored in files that filled the wall cabinets. Today, technology has done key tranformationns at the work place, with communications passed via emails, workers performing tasks virtually andmeetigs extensivelly organised through zoom and other video conferencing apps. Technology has also created new jobs like app development and many have got it very engaging than the traditional job styles that involved meeting at the office. These changes have brough flexible working schedules, helping parents and students at higher levels to balance studies and other social life aspects. This has been witnessed by Benard at BIP who is able to study and workk at the same time. technology also comes with several challenges such as the need for a constant internet connection which is also paid for leaving the poor behind. Automation has brought a great threat threat to the traditional workers who feel at risk of losing their jons. Conclusively, technology has made work more flexible through enhancing connectivity at all times. The key aspect is only adapting to the changes that it has brought for us."
W-B1-20260401081828,"How Work and Jobs have changed. The way people work today has greatly changed from the past as a result of technological inventions. Long time ago, most job plannings were focussed on fixed working hours and communication passed through memos and usually physical meetigs. The information and records were stored in files that filled the wall cabinets. Today, technology has done key tranformationns at the work place, with communications passed via emails, workers performing tasks virtually andmeetigs extensivelly organised through zoom and other video conferencing apps. Technology has also created new jobs like app development and many have got it very engaging than the traditional job styles that involved meeting at the office. These changes have brough flexible working schedules, helping parents and students at higher levels to balance studies and other social life aspects. This has been witnessed by Benard at BIP who is able to study and workk at the same time. technology also comes with several challenges such as the need for a constant internet connection which is also paid for leaving the poor behind. Automation has brought a great threat threat to the traditional workers who feel at risk of losing their jons. Conclusively, technology has made work more flexible through enhancing connectivity at all times. The key aspect is only adapting to the changes that it has brought for us."
W-B1-20260401081828,"How Work and Jobs have changed. The way people work today has greatly changed from the past as a result of technological inventions. Long time ago, most job plannings were focussed on fixed working hours and communication passed through memos and usually physical meetigs. The information and records were stored in files that filled the wall cabinets. Today, technology has done key tranformationns at the work place, with communications passed via emails, workers performing tasks virtually andmeetigs extensivelly organised through zoom and other video conferencing apps. Technology has also created new jobs like app development and many have got it very engaging than the traditional job styles that involved meeting at the office. These changes have brough flexible working schedules, helping parents and students at higher levels to balance studies and other social life aspects. This has been witnessed by Benard at BIP who is able to study and workk at the same time. technology also comes with several challenges such as the need for a constant internet connection which is also paid for leaving the poor behind. Automation has brought a great threat threat to the traditional workers who feel at risk of losing their jons. Conclusively, technology has made work more flexible through enhancing connectivity at all times. The key aspect is only adapting to the changes that it has brought for us."
W-B1-20260401081828,"How Work and Jobs have changed. The way people work today has greatly changed from the past as a result of technological inventions. Long time ago, most job plannings were focussed on fixed working hours and communication passed through memos and usually physical meetigs. The information and records were stored in files that filled the wall cabinets. Today, technology has done key tranformationns at the work place, with communications passed via emails, workers performing tasks virtually andmeetigs extensivelly organised through zoom and other video conferencing apps. Technology has also created new jobs like app development and many have got it very engaging than the traditional job styles that involved meeting at the office. These changes have brough flexible working schedules, helping parents and students at higher levels to balance studies and other social life aspects. This has been witnessed by Benard at BIP who is able to study and workk at the same time. technology also comes with several challenges such as the need for a constant internet connection which is also paid for leaving the poor behind. Automation has brought a great threat threat to the traditional workers who feel at risk of losing their jons. Conclusively, technology has made work more flexible through enhancing connectivity at all times. The key aspect is only adapting to the changes that it has brought for us."
W-B1-20260401081828,"How Work and Jobs have changed. The way people work today has greatly changed from the past as a result of technological inventions. Long time ago, most job plannings were focussed on fixed working hours and communication passed through memos and usually physical meetigs. The information and records were stored in files that filled the wall cabinets. Today, technology has done key tranformationns at the work place, with communications passed via emails, workers performing tasks virtually andmeetigs extensivelly organised through zoom and other video conferencing apps. Technology has also created new jobs like app development and many have got it very engaging than the traditional job styles that involved meeting at the office. These changes have brough flexible working schedules, helping parents and students at higher levels to balance studies and other social life aspects. This has been witnessed by Benard at BIP who is able to study and workk at the same time. technology also comes with several challenges such as the need for a constant internet connection which is also paid for leaving the poor behind. Automation has brought a great threat threat to the traditional workers who feel at risk of losing their jons. Conclusively, technology has made work more flexible through enhancing connectivity at all times. The key aspect is only adapting to the changes that it has brought for us."
W-B1-20260401081828,"How Work and Jobs have changed. The way people work today has greatly changed from the past as a result of technological inventions. Long time ago, most job plannings were focussed on fixed working hours and communication passed through memos and usually physical meetigs. The information and records were stored in files that filled the wall cabinets. Today, technology has done key tranformationns at the work place, with communications passed via emails, workers performing tasks virtually andmeetigs extensivelly organised through zoom and other video conferencing apps. Technology has also created new jobs like app development and many have got it very engaging than the traditional job styles that involved meeting at the office. These changes have brough flexible working schedules, helping parents and students at higher levels to balance studies and other social life aspects. This has been witnessed by Benard at BIP who is able to study and workk at the same time. technology also comes with several challenges such as the need for a constant internet connection which is also paid for leaving the poor behind. Automation has brought a great threat threat to the traditional workers who feel at risk of losing their jons. Conclusively, technology has made work more flexible through enhancing connectivity at all times. The key aspect is only adapting to the changes that it has brought for us."
W-B1-20260401081828,"How Work and Jobs have changed. The way people work today has greatly changed from the past as a result of technological inventions. Long time ago, most job plannings were focussed on fixed working hours and communication passed through memos and usually physical meetigs. The information and records were stored in files that filled the wall cabinets. Today, technology has done key tranformationns at the work place, with communications passed via emails, workers performing tasks virtually andmeetigs extensivelly organised through zoom and other video conferencing apps. Technology has also created new jobs like app development and many have got it very engaging than the traditional job styles that involved meeting at the office. These changes have brough flexible working schedules, helping parents and students at higher levels to balance studies and other social life aspects. This has been witnessed by Benard at BIP who is able to study and workk at the same time. technology also comes with several challenges such as the need for a constant internet connection which is also paid for leaving the poor behind. Automation has brought a great threat threat to the traditional workers who feel at risk of losing their jons. Conclusively, technology has made work more flexible through enhancing connectivity at all times. The key aspect is only adapting to the changes that it has brought for us."
W-B1-20260401081828,"How Work and Jobs have changed. The way people work today has greatly changed from the past as a result of technological inventions. Long time ago, most job plannings were focussed on fixed working hours and communication passed through memos and usually physical meetigs. The information and records were stored in files that filled the wall cabinets. Today, technology has done key tranformationns at the work place, with communications passed via emails, workers performing tasks virtually andmeetigs extensivelly organised through zoom and other video conferencing apps. Technology has also created new jobs like app development and many have got it very engaging than the traditional job styles that involved meeting at the office. These changes have brough flexible working schedules, helping parents and students at higher levels to balance studies and other social life aspects. This has been witnessed by Benard at BIP who is able to study and workk at the same time. technology also comes with several challenges such as the need for a constant internet connection which is also paid for leaving the poor behind. Automation has brought a great threat threat to the traditional workers who feel at risk of losing their jons. Conclusively, technology has made work more flexible through enhancing connectivity at all times. The key aspect is only adapting to the changes that it has brought for us."
W-B1-20260401081828,"these changes have been caused by imorovement in technology, change in edication and the growth of globalizatioo . as a result, the way people work, the kind of kobs available and the skills needed have all changed significantely in the past most people worked in agriculture farming ann manual labor Today technology has transformed the workplace. machnes and computers now do many tasks that people used to do by hand In the past many jibs didnt require formal education"
W-B1-20260401081828,"these changes have been caused by imorovement in technology, change in edication and the growth of globalizatioo . as a result, the way people work, the kind of kobs available and the skills needed have all changed significantely in the past most people worked in agriculture farming ann manual labor Today technology has transformed the workplace. machnes and computers now do many tasks that people used to do by hand In the past many jibs didnt require formal education"
W-B1-20260401081828,"these changes have been caused by imorovement in technology, change in edication and the growth of globalizatioo . as a result, the way people work, the kind of kobs available and the skills needed have all changed significantely in the past most people worked in agriculture farming ann manual labor Today technology has transformed the workplace. machnes and computers now do many tasks that people used to do by hand In the past many jibs didnt require formal education"
W-B1-20260401081828,"these changes have been caused by imorovement in technology, change in edication and the growth of globalizatioo . as a result, the way people work, the kind of kobs available and the skills needed have all changed significantely in the past most people worked in agriculture farming ann manual labor Today technology has transformed the workplace. machnes and computers now do many tasks that people used to do by hand In the past many jibs didnt require formal education"
W-B1-20260401081828,"these changes have been caused by imorovement in technology, change in edication and the growth of globalizatioo . as a result, the way people work, the kind of kobs available and the skills needed have all changed significantely in the past most people worked in agriculture farming ann manual labor Today technology has transformed the workplace. machnes and computers now do many tasks that people used to do by hand In the past many jibs didnt require formal education"
W-B1-20260401081828,"these changes have been caused by imorovement in technology, change in edication and the growth of globalizatioo . as a result, the way people work, the kind of kobs available and the skills needed have all changed significantely in the past most people worked in agriculture farming ann manual labor Today technology has transformed the workplace. machnes and computers now do many tasks that people used to do by hand In the past many jibs didnt require formal education"
W-B1-20260401081828,"these changes have been caused by imorovement in technology, change in edication and the growth of globalizatioo . as a result, the way people work, the kind of kobs available and the skills needed have all changed significantely in the past most people worked in agriculture farming ann manual labor Today technology has transformed the workplace. machnes and computers now do many tasks that people used to do by hand In the past many jibs didnt require formal education"
W-B1-20260401081828,"these changes have been caused by imorovement in technology, change in edication and the growth of globalizatioo . as a result, the way people work, the kind of kobs available and the skills needed have all changed significantely in the past most people worked in agriculture farming ann manual labor Today technology has transformed the workplace. machnes and computers now do many tasks that people used to do by hand In the past many jibs didnt require formal education"
W-B1-20260401081828,"these changes have been caused by imorovement in technology, change in edication and the growth of globalizatioo . as a result, the way people work, the kind of kobs available and the skills needed have all changed significantely in the past most people worked in agriculture farming ann manual labor Today technology has transformed the workplace. machnes and computers now do many tasks that people used to do by hand In the past many jibs didnt require formal education"
W-B1-20260401081828,"these changes have been caused by imorovement in technology, change in edication and the growth of globalizatioo . as a result, the way people work, the kind of kobs available and the skills needed have all changed significantely in the past most people worked in agriculture farming ann manual labor Today technology has transformed the workplace. machnes and computers now do many tasks that people used to do by hand In the past many jibs didnt require formal education"
W-B1-20260401093829,Difficult seasons affecting my daily routine The difficult seasons have made me undergo different challanges and siorgansising my duties and plans advantages
W-B1-20260401093829,Difficult seasons affecting my daily routine The difficult seasons have made me undergo different challanges and siorgansising my duties and plans advantages
W-B1-20260401093829,Difficult seasons affecting my daily routine The difficult seasons have made me undergo different challanges and siorgansising my duties and plans advantages
W-B1-20260401093829,Difficult seasons affecting my daily routine The difficult seasons have made me undergo different challanges and siorgansising my duties and plans advantages
W-B1-20260401093829,Difficult seasons affecting my daily routine The difficult seasons have made me undergo different challanges and siorgansising my duties and plans advantages
W-B1-20260401093829,Difficult seasons affecting my daily routine The difficult seasons have made me undergo different challanges and siorgansising my duties and plans advantages
W-B1-20260401093829,Difficult seasons affecting my daily routine The difficult seasons have made me undergo different challanges and siorgansising my duties and plans advantages
W-B1-20260401093829,Difficult seasons affecting my daily routine The difficult seasons have made me undergo different challanges and siorgansising my duties and plans advantages
W-B1-20260401093829,Difficult seasons affecting my daily routine The difficult seasons have made me undergo different challanges and siorgansising my duties and plans advantages
W-B1-20260401093829,Difficult seasons affecting my daily routine The difficult seasons have made me undergo different challanges and siorgansising my duties and plans advantages
W-B1-20260401082235,"Tourism is the act of moving from one place to another for tourist attractions.Tourism has contributed to revenue in our country,this is in form of foreign exhange and this has lead to the development of infrastracures like schools and hospitals.Creation of international relatioship which can provide support to our country.Through constraction of hotels and lodges,there is improves urbanisation like towns.Rebels enter uganda through tourist which lead to loss of people through bomb blasts.Tourists stay in uganda has caused intermarrages"
W-B1-20260401082235,"Tourism is the act of moving from one place to another for tourist attractions.Tourism has contributed to revenue in our country,this is in form of foreign exhange and this has lead to the development of infrastracures like schools and hospitals.Creation of international relatioship which can provide support to our country.Through constraction of hotels and lodges,there is improves urbanisation like towns.Rebels enter uganda through tourist which lead to loss of people through bomb blasts.Tourists stay in uganda has caused intermarrages"
W-B1-20260401082235,"Tourism is the act of moving from one place to another for tourist attractions.Tourism has contributed to revenue in our country,this is in form of foreign exhange and this has lead to the development of infrastracures like schools and hospitals.Creation of international relatioship which can provide support to our country.Through constraction of hotels and lodges,there is improves urbanisation like towns.Rebels enter uganda through tourist which lead to loss of people through bomb blasts.Tourists stay in uganda has caused intermarrages"
W-B1-20260401082235,"Tourism is the act of moving from one place to another for tourist attractions.Tourism has contributed to revenue in our country,this is in form of foreign exhange and this has lead to the development of infrastracures like schools and hospitals.Creation of international relatioship which can provide support to our country.Through constraction of hotels and lodges,there is improves urbanisation like towns.Rebels enter uganda through tourist which lead to loss of people through bomb blasts.Tourists stay in uganda has caused intermarrages"
W-B1-20260401082235,"Tourism is the act of moving from one place to another for tourist attractions.Tourism has contributed to revenue in our country,this is in form of foreign exhange and this has lead to the development of infrastracures like schools and hospitals.Creation of international relatioship which can provide support to our country.Through constraction of hotels and lodges,there is improves urbanisation like towns.Rebels enter uganda through tourist which lead to loss of people through bomb blasts.Tourists stay in uganda has caused intermarrages"
W-B1-20260401082235,"Tourism is the act of moving from one place to another for tourist attractions.Tourism has contributed to revenue in our country,this is in form of foreign exhange and this has lead to the development of infrastracures like schools and hospitals.Creation of international relatioship which can provide support to our country.Through constraction of hotels and lodges,there is improves urbanisation like towns.Rebels enter uganda through tourist which lead to loss of people through bomb blasts.Tourists stay in uganda has caused intermarrages"
W-B1-20260401082235,"Tourism is the act of moving from one place to another for tourist attractions.Tourism has contributed to revenue in our country,this is in form of foreign exhange and this has lead to the development of infrastracures like schools and hospitals.Creation of international relatioship which can provide support to our country.Through constraction of hotels and lodges,there is improves urbanisation like towns.Rebels enter uganda through tourist which lead to loss of people through bomb blasts.Tourists stay in uganda has caused intermarrages"
W-B1-20260401082235,"Tourism is the act of moving from one place to another for tourist attractions.Tourism has contributed to revenue in our country,this is in form of foreign exhange and this has lead to the development of infrastracures like schools and hospitals.Creation of international relatioship which can provide support to our country.Through constraction of hotels and lodges,there is improves urbanisation like towns.Rebels enter uganda through tourist which lead to loss of people through bomb blasts.Tourists stay in uganda has caused intermarrages"
W-B1-20260401082235,"Tourism is the act of moving from one place to another for tourist attractions.Tourism has contributed to revenue in our country,this is in form of foreign exhange and this has lead to the development of infrastracures like schools and hospitals.Creation of international relatioship which can provide support to our country.Through constraction of hotels and lodges,there is improves urbanisation like towns.Rebels enter uganda through tourist which lead to loss of people through bomb blasts.Tourists stay in uganda has caused intermarrages"
W-B1-20260401082235,"Tourism is the act of moving from one place to another for tourist attractions.Tourism has contributed to revenue in our country,this is in form of foreign exhange and this has lead to the development of infrastracures like schools and hospitals.Creation of international relatioship which can provide support to our country.Through constraction of hotels and lodges,there is improves urbanisation like towns.Rebels enter uganda through tourist which lead to loss of people through bomb blasts.Tourists stay in uganda has caused intermarrages"
W-B1-20260401093728,"Friendship is often descriped as one of the most important parts of life, and for a good reason. Humans are social by nature and the connections we build with ohter shape our happines, resilience and personal growth. A strong friendship provides more than just company; it offers a foundation of trust and support that helps as navigate both good and difficult times. Do, what makes a good friend? The most imprtant qualities are trust, royality, empathy and honesty. A good friend is someone you can confide in without fear of being judged. Trust create a sfae space where we can be ourselves. Royality means standing by someone even when curcumstances are challenging. For ibstance when i failed an important exam last year, my best friend David didnt just say its okay, he spent the evening making me a new study plan and checked on me for weeks after. That kind of support shows ture layality. Empathy is also cruical, good friends listen and try to undersatnd our feelings while honesty ensures the relationships stays genuine even when the truth is uncomfortable. Frinedship is important because it directly affects our mental and emotional well-being. in conclusion agood friend is trust worth, loyal impathatic and honest. freindship are vaital becuase they support our mental health and enrich our lives. While the nature of friendship changes whith age, its importance never fades."
W-B1-20260401093728,"Friendship is often descriped as one of the most important parts of life, and for a good reason. Humans are social by nature and the connections we build with ohter shape our happines, resilience and personal growth. A strong friendship provides more than just company; it offers a foundation of trust and support that helps as navigate both good and difficult times. Do, what makes a good friend? The most imprtant qualities are trust, royality, empathy and honesty. A good friend is someone you can confide in without fear of being judged. Trust create a sfae space where we can be ourselves. Royality means standing by someone even when curcumstances are challenging. For ibstance when i failed an important exam last year, my best friend David didnt just say its okay, he spent the evening making me a new study plan and checked on me for weeks after. That kind of support shows ture layality. Empathy is also cruical, good friends listen and try to undersatnd our feelings while honesty ensures the relationships stays genuine even when the truth is uncomfortable. Frinedship is important because it directly affects our mental and emotional well-being. in conclusion agood friend is trust worth, loyal impathatic and honest. freindship are vaital becuase they support our mental health and enrich our lives. While the nature of friendship changes whith age, its importance never fades."
W-B1-20260401093728,"Friendship is often descriped as one of the most important parts of life, and for a good reason. Humans are social by nature and the connections we build with ohter shape our happines, resilience and personal growth. A strong friendship provides more than just company; it offers a foundation of trust and support that helps as navigate both good and difficult times. Do, what makes a good friend? The most imprtant qualities are trust, royality, empathy and honesty. A good friend is someone you can confide in without fear of being judged. Trust create a sfae space where we can be ourselves. Royality means standing by someone even when curcumstances are challenging. For ibstance when i failed an important exam last year, my best friend David didnt just say its okay, he spent the evening making me a new study plan and checked on me for weeks after. That kind of support shows ture layality. Empathy is also cruical, good friends listen and try to undersatnd our feelings while honesty ensures the relationships stays genuine even when the truth is uncomfortable. Frinedship is important because it directly affects our mental and emotional well-being. in conclusion agood friend is trust worth, loyal impathatic and honest. freindship are vaital becuase they support our mental health and enrich our lives. While the nature of friendship changes whith age, its importance never fades."
W-B1-20260401093728,"Friendship is often descriped as one of the most important parts of life, and for a good reason. Humans are social by nature and the connections we build with ohter shape our happines, resilience and personal growth. A strong friendship provides more than just company; it offers a foundation of trust and support that helps as navigate both good and difficult times. Do, what makes a good friend? The most imprtant qualities are trust, royality, empathy and honesty. A good friend is someone you can confide in without fear of being judged. Trust create a sfae space where we can be ourselves. Royality means standing by someone even when curcumstances are challenging. For ibstance when i failed an important exam last year, my best friend David didnt just say its okay, he spent the evening making me a new study plan and checked on me for weeks after. That kind of support shows ture layality. Empathy is also cruical, good friends listen and try to undersatnd our feelings while honesty ensures the relationships stays genuine even when the truth is uncomfortable. Frinedship is important because it directly affects our mental and emotional well-being. in conclusion agood friend is trust worth, loyal impathatic and honest. freindship are vaital becuase they support our mental health and enrich our lives. While the nature of friendship changes whith age, its importance never fades."
W-B1-20260401093728,"Friendship is often descriped as one of the most important parts of life, and for a good reason. Humans are social by nature and the connections we build with ohter shape our happines, resilience and personal growth. A strong friendship provides more than just company; it offers a foundation of trust and support that helps as navigate both good and difficult times. Do, what makes a good friend? The most imprtant qualities are trust, royality, empathy and honesty. A good friend is someone you can confide in without fear of being judged. Trust create a sfae space where we can be ourselves. Royality means standing by someone even when curcumstances are challenging. For ibstance when i failed an important exam last year, my best friend David didnt just say its okay, he spent the evening making me a new study plan and checked on me for weeks after. That kind of support shows ture layality. Empathy is also cruical, good friends listen and try to undersatnd our feelings while honesty ensures the relationships stays genuine even when the truth is uncomfortable. Frinedship is important because it directly affects our mental and emotional well-being. in conclusion agood friend is trust worth, loyal impathatic and honest. freindship are vaital becuase they support our mental health and enrich our lives. While the nature of friendship changes whith age, its importance never fades."
W-B1-20260401093728,"Friendship is often descriped as one of the most important parts of life, and for a good reason. Humans are social by nature and the connections we build with ohter shape our happines, resilience and personal growth. A strong friendship provides more than just company; it offers a foundation of trust and support that helps as navigate both good and difficult times. Do, what makes a good friend? The most imprtant qualities are trust, royality, empathy and honesty. A good friend is someone you can confide in without fear of being judged. Trust create a sfae space where we can be ourselves. Royality means standing by someone even when curcumstances are challenging. For ibstance when i failed an important exam last year, my best friend David didnt just say its okay, he spent the evening making me a new study plan and checked on me for weeks after. That kind of support shows ture layality. Empathy is also cruical, good friends listen and try to undersatnd our feelings while honesty ensures the relationships stays genuine even when the truth is uncomfortable. Frinedship is important because it directly affects our mental and emotional well-being. in conclusion agood friend is trust worth, loyal impathatic and honest. freindship are vaital becuase they support our mental health and enrich our lives. While the nature of friendship changes whith age, its importance never fades."
W-B1-20260401093728,"Friendship is often descriped as one of the most important parts of life, and for a good reason. Humans are social by nature and the connections we build with ohter shape our happines, resilience and personal growth. A strong friendship provides more than just company; it offers a foundation of trust and support that helps as navigate both good and difficult times. Do, what makes a good friend? The most imprtant qualities are trust, royality, empathy and honesty. A good friend is someone you can confide in without fear of being judged. Trust create a sfae space where we can be ourselves. Royality means standing by someone even when curcumstances are challenging. For ibstance when i failed an important exam last year, my best friend David didnt just say its okay, he spent the evening making me a new study plan and checked on me for weeks after. That kind of support shows ture layality. Empathy is also cruical, good friends listen and try to undersatnd our feelings while honesty ensures the relationships stays genuine even when the truth is uncomfortable. Frinedship is important because it directly affects our mental and emotional well-being. in conclusion agood friend is trust worth, loyal impathatic and honest. freindship are vaital becuase they support our mental health and enrich our lives. While the nature of friendship changes whith age, its importance never fades."
W-B1-20260401093728,"Friendship is often descriped as one of the most important parts of life, and for a good reason. Humans are social by nature and the connections we build with ohter shape our happines, resilience and personal growth. A strong friendship provides more than just company; it offers a foundation of trust and support that helps as navigate both good and difficult times. Do, what makes a good friend? The most imprtant qualities are trust, royality, empathy and honesty. A good friend is someone you can confide in without fear of being judged. Trust create a sfae space where we can be ourselves. Royality means standing by someone even when curcumstances are challenging. For ibstance when i failed an important exam last year, my best friend David didnt just say its okay, he spent the evening making me a new study plan and checked on me for weeks after. That kind of support shows ture layality. Empathy is also cruical, good friends listen and try to undersatnd our feelings while honesty ensures the relationships stays genuine even when the truth is uncomfortable. Frinedship is important because it directly affects our mental and emotional well-being. in conclusion agood friend is trust worth, loyal impathatic and honest. freindship are vaital becuase they support our mental health and enrich our lives. While the nature of friendship changes whith age, its importance never fades."
W-B1-20260401093728,"Friendship is often descriped as one of the most important parts of life, and for a good reason. Humans are social by nature and the connections we build with ohter shape our happines, resilience and personal growth. A strong friendship provides more than just company; it offers a foundation of trust and support that helps as navigate both good and difficult times. Do, what makes a good friend? The most imprtant qualities are trust, royality, empathy and honesty. A good friend is someone you can confide in without fear of being judged. Trust create a sfae space where we can be ourselves. Royality means standing by someone even when curcumstances are challenging. For ibstance when i failed an important exam last year, my best friend David didnt just say its okay, he spent the evening making me a new study plan and checked on me for weeks after. That kind of support shows ture layality. Empathy is also cruical, good friends listen and try to undersatnd our feelings while honesty ensures the relationships stays genuine even when the truth is uncomfortable. Frinedship is important because it directly affects our mental and emotional well-being. in conclusion agood friend is trust worth, loyal impathatic and honest. freindship are vaital becuase they support our mental health and enrich our lives. While the nature of friendship changes whith age, its importance never fades."
W-B1-20260401093728,"Friendship is often descriped as one of the most important parts of life, and for a good reason. Humans are social by nature and the connections we build with ohter shape our happines, resilience and personal growth. A strong friendship provides more than just company; it offers a foundation of trust and support that helps as navigate both good and difficult times. Do, what makes a good friend? The most imprtant qualities are trust, royality, empathy and honesty. A good friend is someone you can confide in without fear of being judged. Trust create a sfae space where we can be ourselves. Royality means standing by someone even when curcumstances are challenging. For ibstance when i failed an important exam last year, my best friend David didnt just say its okay, he spent the evening making me a new study plan and checked on me for weeks after. That kind of support shows ture layality. Empathy is also cruical, good friends listen and try to undersatnd our feelings while honesty ensures the relationships stays genuine even when the truth is uncomfortable. Frinedship is important because it directly affects our mental and emotional well-being. in conclusion agood friend is trust worth, loyal impathatic and honest. freindship are vaital becuase they support our mental health and enrich our lives. While the nature of friendship changes whith age, its importance never fades."
W-B1-20260401093728,"friendship friendshop. memories for all my friends from my high school. when i sit down and recall all of them, i imagine all my the things that i have so far achieved, throught my career, my friends john and peter where so influencial in seeing that i can perform academically. we used to discuss and revise togater. in times of difficalties they could offer me financial support, encourage me when i could feel worried and secured to do something they where always available to support me though when i joined my colleage, peter who was my best friend turned agaist me so surprising, indeed he was my close and best friend among all my friends. after aperiod of 2 years totally stopped associating with all over us immediately he got money. treated the fellow friends as people who are of no value to him. i will never forget that day i slept outside his compound upon paying a visit to his home. always good friends never disappoint , they struggle to ssupport you, encouirage you, and motivate you in"
W-B1-20260401093728,"friendship friendshop. memories for all my friends from my high school. when i sit down and recall all of them, i imagine all my the things that i have so far achieved, throught my career, my friends john and peter where so influencial in seeing that i can perform academically. we used to discuss and revise togater. in times of difficalties they could offer me financial support, encourage me when i could feel worried and secured to do something they where always available to support me though when i joined my colleage, peter who was my best friend turned agaist me so surprising, indeed he was my close and best friend among all my friends. after aperiod of 2 years totally stopped associating with all over us immediately he got money. treated the fellow friends as people who are of no value to him. i will never forget that day i slept outside his compound upon paying a visit to his home. always good friends never disappoint , they struggle to ssupport you, encouirage you, and motivate you in"
W-B1-20260401093728,"friendship friendshop. memories for all my friends from my high school. when i sit down and recall all of them, i imagine all my the things that i have so far achieved, throught my career, my friends john and peter where so influencial in seeing that i can perform academically. we used to discuss and revise togater. in times of difficalties they could offer me financial support, encourage me when i could feel worried and secured to do something they where always available to support me though when i joined my colleage, peter who was my best friend turned agaist me so surprising, indeed he was my close and best friend among all my friends. after aperiod of 2 years totally stopped associating with all over us immediately he got money. treated the fellow friends as people who are of no value to him. i will never forget that day i slept outside his compound upon paying a visit to his home. always good friends never disappoint , they struggle to ssupport you, encouirage you, and motivate you in"
W-B1-20260401093728,"friendship friendshop. memories for all my friends from my high school. when i sit down and recall all of them, i imagine all my the things that i have so far achieved, throught my career, my friends john and peter where so influencial in seeing that i can perform academically. we used to discuss and revise togater. in times of difficalties they could offer me financial support, encourage me when i could feel worried and secured to do something they where always available to support me though when i joined my colleage, peter who was my best friend turned agaist me so surprising, indeed he was my close and best friend among all my friends. after aperiod of 2 years totally stopped associating with all over us immediately he got money. treated the fellow friends as people who are of no value to him. i will never forget that day i slept outside his compound upon paying a visit to his home. always good friends never disappoint , they struggle to ssupport you, encouirage you, and motivate you in"
W-B1-20260401093728,"friendship friendshop. memories for all my friends from my high school. when i sit down and recall all of them, i imagine all my the things that i have so far achieved, throught my career, my friends john and peter where so influencial in seeing that i can perform academically. we used to discuss and revise togater. in times of difficalties they could offer me financial support, encourage me when i could feel worried and secured to do something they where always available to support me though when i joined my colleage, peter who was my best friend turned agaist me so surprising, indeed he was my close and best friend among all my friends. after aperiod of 2 years totally stopped associating with all over us immediately he got money. treated the fellow friends as people who are of no value to him. i will never forget that day i slept outside his compound upon paying a visit to his home. always good friends never disappoint , they struggle to ssupport you, encouirage you, and motivate you in"
W-B1-20260401093728,"friendship friendshop. memories for all my friends from my high school. when i sit down and recall all of them, i imagine all my the things that i have so far achieved, throught my career, my friends john and peter where so influencial in seeing that i can perform academically. we used to discuss and revise togater. in times of difficalties they could offer me financial support, encourage me when i could feel worried and secured to do something they where always available to support me though when i joined my colleage, peter who was my best friend turned agaist me so surprising, indeed he was my close and best friend among all my friends. after aperiod of 2 years totally stopped associating with all over us immediately he got money. treated the fellow friends as people who are of no value to him. i will never forget that day i slept outside his compound upon paying a visit to his home. always good friends never disappoint , they struggle to ssupport you, encouirage you, and motivate you in"
W-B1-20260401093728,"friendship friendshop. memories for all my friends from my high school. when i sit down and recall all of them, i imagine all my the things that i have so far achieved, throught my career, my friends john and peter where so influencial in seeing that i can perform academically. we used to discuss and revise togater. in times of difficalties they could offer me financial support, encourage me when i could feel worried and secured to do something they where always available to support me though when i joined my colleage, peter who was my best friend turned agaist me so surprising, indeed he was my close and best friend among all my friends. after aperiod of 2 years totally stopped associating with all over us immediately he got money. treated the fellow friends as people who are of no value to him. i will never forget that day i slept outside his compound upon paying a visit to his home. always good friends never disappoint , they struggle to ssupport you, encouirage you, and motivate you in"
W-B1-20260401093728,"friendship friendshop. memories for all my friends from my high school. when i sit down and recall all of them, i imagine all my the things that i have so far achieved, throught my career, my friends john and peter where so influencial in seeing that i can perform academically. we used to discuss and revise togater. in times of difficalties they could offer me financial support, encourage me when i could feel worried and secured to do something they where always available to support me though when i joined my colleage, peter who was my best friend turned agaist me so surprising, indeed he was my close and best friend among all my friends. after aperiod of 2 years totally stopped associating with all over us immediately he got money. treated the fellow friends as people who are of no value to him. i will never forget that day i slept outside his compound upon paying a visit to his home. always good friends never disappoint , they struggle to ssupport you, encouirage you, and motivate you in"
W-B1-20260401093728,"friendship friendshop. memories for all my friends from my high school. when i sit down and recall all of them, i imagine all my the things that i have so far achieved, throught my career, my friends john and peter where so influencial in seeing that i can perform academically. we used to discuss and revise togater. in times of difficalties they could offer me financial support, encourage me when i could feel worried and secured to do something they where always available to support me though when i joined my colleage, peter who was my best friend turned agaist me so surprising, indeed he was my close and best friend among all my friends. after aperiod of 2 years totally stopped associating with all over us immediately he got money. treated the fellow friends as people who are of no value to him. i will never forget that day i slept outside his compound upon paying a visit to his home. always good friends never disappoint , they struggle to ssupport you, encouirage you, and motivate you in"
W-B1-20260401093728,"friendship friendshop. memories for all my friends from my high school. when i sit down and recall all of them, i imagine all my the things that i have so far achieved, throught my career, my friends john and peter where so influencial in seeing that i can perform academically. we used to discuss and revise togater. in times of difficalties they could offer me financial support, encourage me when i could feel worried and secured to do something they where always available to support me though when i joined my colleage, peter who was my best friend turned agaist me so surprising, indeed he was my close and best friend among all my friends. after aperiod of 2 years totally stopped associating with all over us immediately he got money. treated the fellow friends as people who are of no value to him. i will never forget that day i slept outside his compound upon paying a visit to his home. always good friends never disappoint , they struggle to ssupport you, encouirage you, and motivate you in"
W-B1-20260401082137,"shopping habits have undergone significan changes in the recent years driven by advancement in technologies and customer preferences. the rise of e-commerce has grately transformed the way people shop with now 17% of the people priotize online shopping as of the year 2026. key changes in shopping habbits -Increased online shopping: E-commerce sales are projected to reach $7.9 trillion by 2028 with mobile commerce accounting for 63% of retail e-comerce sales. -Social commerce: livestream shopping and social media platforms are becoming major sales channel, with conversion rates 10-30% compared to 1-3% in traditional e-commerce. These changes reflect ashift towards more convinient, personalization and sustainable shopping interactions."
W-B1-20260401082137,"shopping habits have undergone significan changes in the recent years driven by advancement in technologies and customer preferences. the rise of e-commerce has grately transformed the way people shop with now 17% of the people priotize online shopping as of the year 2026. key changes in shopping habbits -Increased online shopping: E-commerce sales are projected to reach $7.9 trillion by 2028 with mobile commerce accounting for 63% of retail e-comerce sales. -Social commerce: livestream shopping and social media platforms are becoming major sales channel, with conversion rates 10-30% compared to 1-3% in traditional e-commerce. These changes reflect ashift towards more convinient, personalization and sustainable shopping interactions."
W-B1-20260401082137,"shopping habits have undergone significan changes in the recent years driven by advancement in technologies and customer preferences. the rise of e-commerce has grately transformed the way people shop with now 17% of the people priotize online shopping as of the year 2026. key changes in shopping habbits -Increased online shopping: E-commerce sales are projected to reach $7.9 trillion by 2028 with mobile commerce accounting for 63% of retail e-comerce sales. -Social commerce: livestream shopping and social media platforms are becoming major sales channel, with conversion rates 10-30% compared to 1-3% in traditional e-commerce. These changes reflect ashift towards more convinient, personalization and sustainable shopping interactions."
W-B1-20260401082137,"shopping habits have undergone significan changes in the recent years driven by advancement in technologies and customer preferences. the rise of e-commerce has grately transformed the way people shop with now 17% of the people priotize online shopping as of the year 2026. key changes in shopping habbits -Increased online shopping: E-commerce sales are projected to reach $7.9 trillion by 2028 with mobile commerce accounting for 63% of retail e-comerce sales. -Social commerce: livestream shopping and social media platforms are becoming major sales channel, with conversion rates 10-30% compared to 1-3% in traditional e-commerce. These changes reflect ashift towards more convinient, personalization and sustainable shopping interactions."
W-B1-20260401082137,"shopping habits have undergone significan changes in the recent years driven by advancement in technologies and customer preferences. the rise of e-commerce has grately transformed the way people shop with now 17% of the people priotize online shopping as of the year 2026. key changes in shopping habbits -Increased online shopping: E-commerce sales are projected to reach $7.9 trillion by 2028 with mobile commerce accounting for 63% of retail e-comerce sales. -Social commerce: livestream shopping and social media platforms are becoming major sales channel, with conversion rates 10-30% compared to 1-3% in traditional e-commerce. These changes reflect ashift towards more convinient, personalization and sustainable shopping interactions."
W-B1-20260401082137,"shopping habits have undergone significan changes in the recent years driven by advancement in technologies and customer preferences. the rise of e-commerce has grately transformed the way people shop with now 17% of the people priotize online shopping as of the year 2026. key changes in shopping habbits -Increased online shopping: E-commerce sales are projected to reach $7.9 trillion by 2028 with mobile commerce accounting for 63% of retail e-comerce sales. -Social commerce: livestream shopping and social media platforms are becoming major sales channel, with conversion rates 10-30% compared to 1-3% in traditional e-commerce. These changes reflect ashift towards more convinient, personalization and sustainable shopping interactions."
W-B1-20260401082137,"shopping habits have undergone significan changes in the recent years driven by advancement in technologies and customer preferences. the rise of e-commerce has grately transformed the way people shop with now 17% of the people priotize online shopping as of the year 2026. key changes in shopping habbits -Increased online shopping: E-commerce sales are projected to reach $7.9 trillion by 2028 with mobile commerce accounting for 63% of retail e-comerce sales. -Social commerce: livestream shopping and social media platforms are becoming major sales channel, with conversion rates 10-30% compared to 1-3% in traditional e-commerce. These changes reflect ashift towards more convinient, personalization and sustainable shopping interactions."
W-B1-20260401082137,"shopping habits have undergone significan changes in the recent years driven by advancement in technologies and customer preferences. the rise of e-commerce has grately transformed the way people shop with now 17% of the people priotize online shopping as of the year 2026. key changes in shopping habbits -Increased online shopping: E-commerce sales are projected to reach $7.9 trillion by 2028 with mobile commerce accounting for 63% of retail e-comerce sales. -Social commerce: livestream shopping and social media platforms are becoming major sales channel, with conversion rates 10-30% compared to 1-3% in traditional e-commerce. These changes reflect ashift towards more convinient, personalization and sustainable shopping interactions."
W-B1-20260401082137,"shopping habits have undergone significan changes in the recent years driven by advancement in technologies and customer preferences. the rise of e-commerce has grately transformed the way people shop with now 17% of the people priotize online shopping as of the year 2026. key changes in shopping habbits -Increased online shopping: E-commerce sales are projected to reach $7.9 trillion by 2028 with mobile commerce accounting for 63% of retail e-comerce sales. -Social commerce: livestream shopping and social media platforms are becoming major sales channel, with conversion rates 10-30% compared to 1-3% in traditional e-commerce. These changes reflect ashift towards more convinient, personalization and sustainable shopping interactions."
W-B1-20260401082137,"shopping habits have undergone significan changes in the recent years driven by advancement in technologies and customer preferences. the rise of e-commerce has grately transformed the way people shop with now 17% of the people priotize online shopping as of the year 2026. key changes in shopping habbits -Increased online shopping: E-commerce sales are projected to reach $7.9 trillion by 2028 with mobile commerce accounting for 63% of retail e-comerce sales. -Social commerce: livestream shopping and social media platforms are becoming major sales channel, with conversion rates 10-30% compared to 1-3% in traditional e-commerce. These changes reflect ashift towards more convinient, personalization and sustainable shopping interactions."
W-B1-20260401081932,"what people in the community should do to help the environment People should plant trees in order to replace the ones which are cut everyday for example in my community people cut trees for charcoal burnig People should handle plastic materials with care and this can be done by taking them back for recycling and every day people after taking drinks they just throw plastics unbothered People should also avoid carrying outactivities like bush burning, over cultivation and overgrazing because those activities spoil soil and they can be solvaed by laeving the soil for some time before using it Also the local government should put strict laws on people who carry out bad lactices such as bush burnig, swamp drainage so that the encironment can be protected The local govrnment should carry out sensitisation on the local people about the dangers of practices like difforestation which affect the environment Local people should cooperate with the local government so that all fight together for environmental protec"
W-B1-20260401081932,"what people in the community should do to help the environment People should plant trees in order to replace the ones which are cut everyday for example in my community people cut trees for charcoal burnig People should handle plastic materials with care and this can be done by taking them back for recycling and every day people after taking drinks they just throw plastics unbothered People should also avoid carrying outactivities like bush burning, over cultivation and overgrazing because those activities spoil soil and they can be solvaed by laeving the soil for some time before using it Also the local government should put strict laws on people who carry out bad lactices such as bush burnig, swamp drainage so that the encironment can be protected The local govrnment should carry out sensitisation on the local people about the dangers of practices like difforestation which affect the environment Local people should cooperate with the local government so that all fight together for environmental protec"
W-B1-20260401081932,"what people in the community should do to help the environment People should plant trees in order to replace the ones which are cut everyday for example in my community people cut trees for charcoal burnig People should handle plastic materials with care and this can be done by taking them back for recycling and every day people after taking drinks they just throw plastics unbothered People should also avoid carrying outactivities like bush burning, over cultivation and overgrazing because those activities spoil soil and they can be solvaed by laeving the soil for some time before using it Also the local government should put strict laws on people who carry out bad lactices such as bush burnig, swamp drainage so that the encironment can be protected The local govrnment should carry out sensitisation on the local people about the dangers of practices like difforestation which affect the environment Local people should cooperate with the local government so that all fight together for environmental protec"
W-B1-20260401081932,"what people in the community should do to help the environment People should plant trees in order to replace the ones which are cut everyday for example in my community people cut trees for charcoal burnig People should handle plastic materials with care and this can be done by taking them back for recycling and every day people after taking drinks they just throw plastics unbothered People should also avoid carrying outactivities like bush burning, over cultivation and overgrazing because those activities spoil soil and they can be solvaed by laeving the soil for some time before using it Also the local government should put strict laws on people who carry out bad lactices such as bush burnig, swamp drainage so that the encironment can be protected The local govrnment should carry out sensitisation on the local people about the dangers of practices like difforestation which affect the environment Local people should cooperate with the local government so that all fight together for environmental protec"
W-B1-20260401081932,"what people in the community should do to help the environment People should plant trees in order to replace the ones which are cut everyday for example in my community people cut trees for charcoal burnig People should handle plastic materials with care and this can be done by taking them back for recycling and every day people after taking drinks they just throw plastics unbothered People should also avoid carrying outactivities like bush burning, over cultivation and overgrazing because those activities spoil soil and they can be solvaed by laeving the soil for some time before using it Also the local government should put strict laws on people who carry out bad lactices such as bush burnig, swamp drainage so that the encironment can be protected The local govrnment should carry out sensitisation on the local people about the dangers of practices like difforestation which affect the environment Local people should cooperate with the local government so that all fight together for environmental protec"
W-B1-20260401081932,"what people in the community should do to help the environment People should plant trees in order to replace the ones which are cut everyday for example in my community people cut trees for charcoal burnig People should handle plastic materials with care and this can be done by taking them back for recycling and every day people after taking drinks they just throw plastics unbothered People should also avoid carrying outactivities like bush burning, over cultivation and overgrazing because those activities spoil soil and they can be solvaed by laeving the soil for some time before using it Also the local government should put strict laws on people who carry out bad lactices such as bush burnig, swamp drainage so that the encironment can be protected The local govrnment should carry out sensitisation on the local people about the dangers of practices like difforestation which affect the environment Local people should cooperate with the local government so that all fight together for environmental protec"
W-B1-20260401081932,"what people in the community should do to help the environment People should plant trees in order to replace the ones which are cut everyday for example in my community people cut trees for charcoal burnig People should handle plastic materials with care and this can be done by taking them back for recycling and every day people after taking drinks they just throw plastics unbothered People should also avoid carrying outactivities like bush burning, over cultivation and overgrazing because those activities spoil soil and they can be solvaed by laeving the soil for some time before using it Also the local government should put strict laws on people who carry out bad lactices such as bush burnig, swamp drainage so that the encironment can be protected The local govrnment should carry out sensitisation on the local people about the dangers of practices like difforestation which affect the environment Local people should cooperate with the local government so that all fight together for environmental protec"
W-B1-20260401081932,"what people in the community should do to help the environment People should plant trees in order to replace the ones which are cut everyday for example in my community people cut trees for charcoal burnig People should handle plastic materials with care and this can be done by taking them back for recycling and every day people after taking drinks they just throw plastics unbothered People should also avoid carrying outactivities like bush burning, over cultivation and overgrazing because those activities spoil soil and they can be solvaed by laeving the soil for some time before using it Also the local government should put strict laws on people who carry out bad lactices such as bush burnig, swamp drainage so that the encironment can be protected The local govrnment should carry out sensitisation on the local people about the dangers of practices like difforestation which affect the environment Local people should cooperate with the local government so that all fight together for environmental protec"
W-B1-20260401081932,"what people in the community should do to help the environment People should plant trees in order to replace the ones which are cut everyday for example in my community people cut trees for charcoal burnig People should handle plastic materials with care and this can be done by taking them back for recycling and every day people after taking drinks they just throw plastics unbothered People should also avoid carrying outactivities like bush burning, over cultivation and overgrazing because those activities spoil soil and they can be solvaed by laeving the soil for some time before using it Also the local government should put strict laws on people who carry out bad lactices such as bush burnig, swamp drainage so that the encironment can be protected The local govrnment should carry out sensitisation on the local people about the dangers of practices like difforestation which affect the environment Local people should cooperate with the local government so that all fight together for environmental protec"
W-B1-20260401081932,"what people in the community should do to help the environment People should plant trees in order to replace the ones which are cut everyday for example in my community people cut trees for charcoal burnig People should handle plastic materials with care and this can be done by taking them back for recycling and every day people after taking drinks they just throw plastics unbothered People should also avoid carrying outactivities like bush burning, over cultivation and overgrazing because those activities spoil soil and they can be solvaed by laeving the soil for some time before using it Also the local government should put strict laws on people who carry out bad lactices such as bush burnig, swamp drainage so that the encironment can be protected The local govrnment should carry out sensitisation on the local people about the dangers of practices like difforestation which affect the environment Local people should cooperate with the local government so that all fight together for environmental protec"
