ref_#,cefr_level,task_type,topic,word_count_min,word_count_max,question_prompt,requirement_1,req_1_score_0,req_1_score_1,req_1_score_2,req_1_score_3,requirement_2,req_2_score_0,req_2_score_1,req_2_score_2,req_2_score_3,requirement_3,req_3_score_0,req_3_score_1,req_3_score_2,req_3_score_3,requirement_4,req_4_score_0,req_4_score_1,req_4_score_2,req_4_score_3,status,notes
W-A1-1,b1,note,shopping and consumer activities,50,300,,,,,,,,,,,,,,,,,Additional on-topic development,"no semantically distinct extra on-topic point, OR the 'extra' content paraphrases an idea already credited under another requirement","introduces a DISTINCT extra on-topic point — not a rephrasing or repeat of any other requirement — within the question's subject, with no further detail","introduces a distinct extra on-topic point AND develops it meaningfully (a real reason, cause, or effect — not just length)",introduces a distinct extra on-topic point AND develops it AND supports it with a concrete specific that genuinely advances the argument,pending,
W-A1-2,a1,sentence level,,25,80,,,,,,,,,,,,,,,,,Additional on-topic development,"no semantically distinct extra on-topic point, OR the 'extra' content paraphrases an idea already credited under another requirement","introduces a DISTINCT extra on-topic point — not a rephrasing or repeat of any other requirement — within the question's subject, with no further detail","introduces a distinct extra on-topic point AND develops it meaningfully (a real reason, cause, or effect — not just length)",introduces a distinct extra on-topic point AND develops it AND supports it with a concrete specific that genuinely advances the argument,pending,
W-A1-3,a1,sentence level,,25,80,,,,,,,,,,,,,,,,,Additional on-topic development,"no semantically distinct extra on-topic point, OR the 'extra' content paraphrases an idea already credited under another requirement","introduces a DISTINCT extra on-topic point — not a rephrasing or repeat of any other requirement — within the question's subject, with no further detail","introduces a distinct extra on-topic point AND develops it meaningfully (a real reason, cause, or effect — not just length)",introduces a distinct extra on-topic point AND develops it AND supports it with a concrete specific that genuinely advances the argument,pending,
W-A1-4,a1,sentence level,,25,80,,,,,,,,,,,,,,,,,Additional on-topic development,"no semantically distinct extra on-topic point, OR the 'extra' content paraphrases an idea already credited under another requirement","introduces a DISTINCT extra on-topic point — not a rephrasing or repeat of any other requirement — within the question's subject, with no further detail","introduces a distinct extra on-topic point AND develops it meaningfully (a real reason, cause, or effect — not just length)",introduces a distinct extra on-topic point AND develops it AND supports it with a concrete specific that genuinely advances the argument,pending,
W-A1-5,a1,long answer,,25,80,,,,,,,,,,,,,,,,,Additional on-topic development,"no semantically distinct extra on-topic point, OR the 'extra' content paraphrases an idea already credited under another requirement","introduces a DISTINCT extra on-topic point — not a rephrasing or repeat of any other requirement — within the question's subject, with no further detail","introduces a distinct extra on-topic point AND develops it meaningfully (a real reason, cause, or effect — not just length)",introduces a distinct extra on-topic point AND develops it AND supports it with a concrete specific that genuinely advances the argument,pending,
W-A1-6,a1,note,,25,80,,,,,,,,,,,,,,,,,Additional on-topic development,"no semantically distinct extra on-topic point, OR the 'extra' content paraphrases an idea already credited under another requirement","introduces a DISTINCT extra on-topic point — not a rephrasing or repeat of any other requirement — within the question's subject, with no further detail","introduces a distinct extra on-topic point AND develops it meaningfully (a real reason, cause, or effect — not just length)",introduces a distinct extra on-topic point AND develops it AND supports it with a concrete specific that genuinely advances the argument,pending,
W-A1-7,a1,letter/email,,25,80,,,,,,,,,,,,,,,,,Additional on-topic development,"no semantically distinct extra on-topic point, OR the 'extra' content paraphrases an idea already credited under another requirement","introduces a DISTINCT extra on-topic point — not a rephrasing or repeat of any other requirement — within the question's subject, with no further detail","introduces a distinct extra on-topic point AND develops it meaningfully (a real reason, cause, or effect — not just length)",introduces a distinct extra on-topic point AND develops it AND supports it with a concrete specific that genuinely advances the argument,pending,
W-A1-8,a1,note,,25,80,,,,,,,,,,,,,,,,,Additional on-topic development,"no semantically distinct extra on-topic point, OR the 'extra' content paraphrases an idea already credited under another requirement","introduces a DISTINCT extra on-topic point — not a rephrasing or repeat of any other requirement — within the question's subject, with no further detail","introduces a distinct extra on-topic point AND develops it meaningfully (a real reason, cause, or effect — not just length)",introduces a distinct extra on-topic point AND develops it AND supports it with a concrete specific that genuinely advances the argument,pending,
W-A1-9,a1,note,,25,80,,,,,,,,,,,,,,,,,Additional on-topic development,"no semantically distinct extra on-topic point, OR the 'extra' content paraphrases an idea already credited under another requirement","introduces a DISTINCT extra on-topic point — not a rephrasing or repeat of any other requirement — within the question's subject, with no further detail","introduces a distinct extra on-topic point AND develops it meaningfully (a real reason, cause, or effect — not just length)",introduces a distinct extra on-topic point AND develops it AND supports it with a concrete specific that genuinely advances the argument,pending,
W-A1-10,a1,note,,25,80,,,,,,,,,,,,,,,,,Additional on-topic development,"no semantically distinct extra on-topic point, OR the 'extra' content paraphrases an idea already credited under another requirement","introduces a DISTINCT extra on-topic point — not a rephrasing or repeat of any other requirement — within the question's subject, with no further detail","introduces a distinct extra on-topic point AND develops it meaningfully (a real reason, cause, or effect — not just length)",introduces a distinct extra on-topic point AND develops it AND supports it with a concrete specific that genuinely advances the argument,pending,
W-A1-11,a1,simple note,self and identity,25,80,,,,,,,,,,,,,,,,,Additional on-topic development,"no semantically distinct extra on-topic point, OR the 'extra' content paraphrases an idea already credited under another requirement","introduces a DISTINCT extra on-topic point — not a rephrasing or repeat of any other requirement — within the question's subject, with no further detail","introduces a distinct extra on-topic point AND develops it meaningfully (a real reason, cause, or effect — not just length)",introduces a distinct extra on-topic point AND develops it AND supports it with a concrete specific that genuinely advances the argument,pending,
W-A2-1,a2,note,,40,120,,,,,,,,,,,,,,,,,Additional on-topic development,"no semantically distinct extra on-topic point, OR the 'extra' content paraphrases an idea already credited under another requirement","introduces a DISTINCT extra on-topic point — not a rephrasing or repeat of any other requirement — within the question's subject, with no further detail","introduces a distinct extra on-topic point AND develops it meaningfully (a real reason, cause, or effect — not just length)",introduces a distinct extra on-topic point AND develops it AND supports it with a concrete specific that genuinely advances the argument,pending,
W-A2-2,a2,paragraph,,40,120,,,,,,,,,,,,,,,,,Additional on-topic development,"no semantically distinct extra on-topic point, OR the 'extra' content paraphrases an idea already credited under another requirement","introduces a DISTINCT extra on-topic point — not a rephrasing or repeat of any other requirement — within the question's subject, with no further detail","introduces a distinct extra on-topic point AND develops it meaningfully (a real reason, cause, or effect — not just length)",introduces a distinct extra on-topic point AND develops it AND supports it with a concrete specific that genuinely advances the argument,pending,
W-A2-3,a2,note,,40,120,,,,,,,,,,,,,,,,,Additional on-topic development,"no semantically distinct extra on-topic point, OR the 'extra' content paraphrases an idea already credited under another requirement","introduces a DISTINCT extra on-topic point — not a rephrasing or repeat of any other requirement — within the question's subject, with no further detail","introduces a distinct extra on-topic point AND develops it meaningfully (a real reason, cause, or effect — not just length)",introduces a distinct extra on-topic point AND develops it AND supports it with a concrete specific that genuinely advances the argument,pending,
W-A2-4,a2,letter/email,,40,120,,,,,,,,,,,,,,,,,Additional on-topic development,"no semantically distinct extra on-topic point, OR the 'extra' content paraphrases an idea already credited under another requirement","introduces a DISTINCT extra on-topic point — not a rephrasing or repeat of any other requirement — within the question's subject, with no further detail","introduces a distinct extra on-topic point AND develops it meaningfully (a real reason, cause, or effect — not just length)",introduces a distinct extra on-topic point AND develops it AND supports it with a concrete specific that genuinely advances the argument,pending,
W-A2-5,a2,note,,40,120,,,,,,,,,,,,,,,,,Additional on-topic development,"no semantically distinct extra on-topic point, OR the 'extra' content paraphrases an idea already credited under another requirement","introduces a DISTINCT extra on-topic point — not a rephrasing or repeat of any other requirement — within the question's subject, with no further detail","introduces a distinct extra on-topic point AND develops it meaningfully (a real reason, cause, or effect — not just length)",introduces a distinct extra on-topic point AND develops it AND supports it with a concrete specific that genuinely advances the argument,pending,
W-A2-6,a2,letter/email,,40,120,,,,,,,,,,,,,,,,,Additional on-topic development,"no semantically distinct extra on-topic point, OR the 'extra' content paraphrases an idea already credited under another requirement","introduces a DISTINCT extra on-topic point — not a rephrasing or repeat of any other requirement — within the question's subject, with no further detail","introduces a distinct extra on-topic point AND develops it meaningfully (a real reason, cause, or effect — not just length)",introduces a distinct extra on-topic point AND develops it AND supports it with a concrete specific that genuinely advances the argument,pending,
W-A2-7,a2,paragraph,"countries, cities, towns, and public places (a2)",50,150,,,,,,,,,,,,,,,,,Additional on-topic development,"no semantically distinct extra on-topic point, OR the 'extra' content paraphrases an idea already credited under another requirement","introduces a DISTINCT extra on-topic point — not a rephrasing or repeat of any other requirement — within the question's subject, with no further detail","introduces a distinct extra on-topic point AND develops it meaningfully (a real reason, cause, or effect — not just length)",introduces a distinct extra on-topic point AND develops it AND supports it with a concrete specific that genuinely advances the argument,pending,
W-A2-8,a2,paragraph,,40,120,,,,,,,,,,,,,,,,,Additional on-topic development,"no semantically distinct extra on-topic point, OR the 'extra' content paraphrases an idea already credited under another requirement","introduces a DISTINCT extra on-topic point — not a rephrasing or repeat of any other requirement — within the question's subject, with no further detail","introduces a distinct extra on-topic point AND develops it meaningfully (a real reason, cause, or effect — not just length)",introduces a distinct extra on-topic point AND develops it AND supports it with a concrete specific that genuinely advances the argument,pending,
W-A2-9,a2,note,,40,120,,,,,,,,,,,,,,,,,Additional on-topic development,"no semantically distinct extra on-topic point, OR the 'extra' content paraphrases an idea already credited under another requirement","introduces a DISTINCT extra on-topic point — not a rephrasing or repeat of any other requirement — within the question's subject, with no further detail","introduces a distinct extra on-topic point AND develops it meaningfully (a real reason, cause, or effect — not just length)",introduces a distinct extra on-topic point AND develops it AND supports it with a concrete specific that genuinely advances the argument,pending,
W-A2-10,a2,letter/email,,40,120,,,,,,,,,,,,,,,,,Additional on-topic development,"no semantically distinct extra on-topic point, OR the 'extra' content paraphrases an idea already credited under another requirement","introduces a DISTINCT extra on-topic point — not a rephrasing or repeat of any other requirement — within the question's subject, with no further detail","introduces a distinct extra on-topic point AND develops it meaningfully (a real reason, cause, or effect — not just length)",introduces a distinct extra on-topic point AND develops it AND supports it with a concrete specific that genuinely advances the argument,pending,
W-A2-11,a2,note,,40,120,,,,,,,,,,,,,,,,,Additional on-topic development,"no semantically distinct extra on-topic point, OR the 'extra' content paraphrases an idea already credited under another requirement","introduces a DISTINCT extra on-topic point — not a rephrasing or repeat of any other requirement — within the question's subject, with no further detail","introduces a distinct extra on-topic point AND develops it meaningfully (a real reason, cause, or effect — not just length)",introduces a distinct extra on-topic point AND develops it AND supports it with a concrete specific that genuinely advances the argument,pending,
W-A2-12,a2,simple email writing,shopping and consumer activities,40,120,,,,,,,,,,,,,,,,,Additional on-topic development,"no semantically distinct extra on-topic point, OR the 'extra' content paraphrases an idea already credited under another requirement","introduces a DISTINCT extra on-topic point — not a rephrasing or repeat of any other requirement — within the question's subject, with no further detail","introduces a distinct extra on-topic point AND develops it meaningfully (a real reason, cause, or effect — not just length)",introduces a distinct extra on-topic point AND develops it AND supports it with a concrete specific that genuinely advances the argument,pending,
W-B1-1,b1,report,,50,300,,,,,,,,,,,,,,,,,Additional on-topic development,"no semantically distinct extra on-topic point, OR the 'extra' content paraphrases an idea already credited under another requirement","introduces a DISTINCT extra on-topic point — not a rephrasing or repeat of any other requirement — within the question's subject, with no further detail","introduces a distinct extra on-topic point AND develops it meaningfully (a real reason, cause, or effect — not just length)",introduces a distinct extra on-topic point AND develops it AND supports it with a concrete specific that genuinely advances the argument,pending,
W-B1-2,b1,letter/email,,50,300,,,,,,,,,,,,,,,,,Additional on-topic development,"no semantically distinct extra on-topic point, OR the 'extra' content paraphrases an idea already credited under another requirement","introduces a DISTINCT extra on-topic point — not a rephrasing or repeat of any other requirement — within the question's subject, with no further detail","introduces a distinct extra on-topic point AND develops it meaningfully (a real reason, cause, or effect — not just length)",introduces a distinct extra on-topic point AND develops it AND supports it with a concrete specific that genuinely advances the argument,pending,
W-B1-3,b1,article,,50,300,,,,,,,,,,,,,,,,,Additional on-topic development,"no semantically distinct extra on-topic point, OR the 'extra' content paraphrases an idea already credited under another requirement","introduces a DISTINCT extra on-topic point — not a rephrasing or repeat of any other requirement — within the question's subject, with no further detail","introduces a distinct extra on-topic point AND develops it meaningfully (a real reason, cause, or effect — not just length)",introduces a distinct extra on-topic point AND develops it AND supports it with a concrete specific that genuinely advances the argument,pending,
W-B1-4,b1,article,,50,300,,,,,,,,,,,,,,,,,Additional on-topic development,"no semantically distinct extra on-topic point, OR the 'extra' content paraphrases an idea already credited under another requirement","introduces a DISTINCT extra on-topic point — not a rephrasing or repeat of any other requirement — within the question's subject, with no further detail","introduces a distinct extra on-topic point AND develops it meaningfully (a real reason, cause, or effect — not just length)",introduces a distinct extra on-topic point AND develops it AND supports it with a concrete specific that genuinely advances the argument,pending,
W-B1-5,b1,essay,,50,300,,,,,,,,,,,,,,,,,Additional on-topic development,"no semantically distinct extra on-topic point, OR the 'extra' content paraphrases an idea already credited under another requirement","introduces a DISTINCT extra on-topic point — not a rephrasing or repeat of any other requirement — within the question's subject, with no further detail","introduces a distinct extra on-topic point AND develops it meaningfully (a real reason, cause, or effect — not just length)",introduces a distinct extra on-topic point AND develops it AND supports it with a concrete specific that genuinely advances the argument,pending,
W-B1-6,b1,report,,50,300,,,,,,,,,,,,,,,,,Additional on-topic development,"no semantically distinct extra on-topic point, OR the 'extra' content paraphrases an idea already credited under another requirement","introduces a DISTINCT extra on-topic point — not a rephrasing or repeat of any other requirement — within the question's subject, with no further detail","introduces a distinct extra on-topic point AND develops it meaningfully (a real reason, cause, or effect — not just length)",introduces a distinct extra on-topic point AND develops it AND supports it with a concrete specific that genuinely advances the argument,pending,
W-B1-7,b1,letter/email,,50,300,,,,,,,,,,,,,,,,,Additional on-topic development,"no semantically distinct extra on-topic point, OR the 'extra' content paraphrases an idea already credited under another requirement","introduces a DISTINCT extra on-topic point — not a rephrasing or repeat of any other requirement — within the question's subject, with no further detail","introduces a distinct extra on-topic point AND develops it meaningfully (a real reason, cause, or effect — not just length)",introduces a distinct extra on-topic point AND develops it AND supports it with a concrete specific that genuinely advances the argument,pending,
W-B1-8,b1,paragraph,,50,300,,,,,,,,,,,,,,,,,Additional on-topic development,"no semantically distinct extra on-topic point, OR the 'extra' content paraphrases an idea already credited under another requirement","introduces a DISTINCT extra on-topic point — not a rephrasing or repeat of any other requirement — within the question's subject, with no further detail","introduces a distinct extra on-topic point AND develops it meaningfully (a real reason, cause, or effect — not just length)",introduces a distinct extra on-topic point AND develops it AND supports it with a concrete specific that genuinely advances the argument,pending,
W-B1-9,b1,letter/email,,50,300,,,,,,,,,,,,,,,,,Additional on-topic development,"no semantically distinct extra on-topic point, OR the 'extra' content paraphrases an idea already credited under another requirement","introduces a DISTINCT extra on-topic point — not a rephrasing or repeat of any other requirement — within the question's subject, with no further detail","introduces a distinct extra on-topic point AND develops it meaningfully (a real reason, cause, or effect — not just length)",introduces a distinct extra on-topic point AND develops it AND supports it with a concrete specific that genuinely advances the argument,pending,
W-B1-10,b1,paragraph,,50,300,,,,,,,,,,,,,,,,,Additional on-topic development,"no semantically distinct extra on-topic point, OR the 'extra' content paraphrases an idea already credited under another requirement","introduces a DISTINCT extra on-topic point — not a rephrasing or repeat of any other requirement — within the question's subject, with no further detail","introduces a distinct extra on-topic point AND develops it meaningfully (a real reason, cause, or effect — not just length)",introduces a distinct extra on-topic point AND develops it AND supports it with a concrete specific that genuinely advances the argument,pending,
W-B1-11,b1,letter/email,,50,300,,,,,,,,,,,,,,,,,Additional on-topic development,"no semantically distinct extra on-topic point, OR the 'extra' content paraphrases an idea already credited under another requirement","introduces a DISTINCT extra on-topic point — not a rephrasing or repeat of any other requirement — within the question's subject, with no further detail","introduces a distinct extra on-topic point AND develops it meaningfully (a real reason, cause, or effect — not just length)",introduces a distinct extra on-topic point AND develops it AND supports it with a concrete specific that genuinely advances the argument,pending,
W-B1-12,b1,paragraph,,50,300,,,,,,,,,,,,,,,,,Additional on-topic development,"no semantically distinct extra on-topic point, OR the 'extra' content paraphrases an idea already credited under another requirement","introduces a DISTINCT extra on-topic point — not a rephrasing or repeat of any other requirement — within the question's subject, with no further detail","introduces a distinct extra on-topic point AND develops it meaningfully (a real reason, cause, or effect — not just length)",introduces a distinct extra on-topic point AND develops it AND supports it with a concrete specific that genuinely advances the argument,pending,
W-B1-13,b1,paragraph,,50,300,,,,,,,,,,,,,,,,,Additional on-topic development,"no semantically distinct extra on-topic point, OR the 'extra' content paraphrases an idea already credited under another requirement","introduces a DISTINCT extra on-topic point — not a rephrasing or repeat of any other requirement — within the question's subject, with no further detail","introduces a distinct extra on-topic point AND develops it meaningfully (a real reason, cause, or effect — not just length)",introduces a distinct extra on-topic point AND develops it AND supports it with a concrete specific that genuinely advances the argument,pending,
W-B1-14,b1,paragraph,,50,300,,,,,,,,,,,,,,,,,Additional on-topic development,"no semantically distinct extra on-topic point, OR the 'extra' content paraphrases an idea already credited under another requirement","introduces a DISTINCT extra on-topic point — not a rephrasing or repeat of any other requirement — within the question's subject, with no further detail","introduces a distinct extra on-topic point AND develops it meaningfully (a real reason, cause, or effect — not just length)",introduces a distinct extra on-topic point AND develops it AND supports it with a concrete specific that genuinely advances the argument,pending,
W-B1-15,b1,paragraph,,50,300,,,,,,,,,,,,,,,,,Additional on-topic development,"no semantically distinct extra on-topic point, OR the 'extra' content paraphrases an idea already credited under another requirement","introduces a DISTINCT extra on-topic point — not a rephrasing or repeat of any other requirement — within the question's subject, with no further detail","introduces a distinct extra on-topic point AND develops it meaningfully (a real reason, cause, or effect — not just length)",introduces a distinct extra on-topic point AND develops it AND supports it with a concrete specific that genuinely advances the argument,pending,
W-B1-16,b1,summary,,50,300,,,,,,,,,,,,,,,,,Additional on-topic development,"no semantically distinct extra on-topic point, OR the 'extra' content paraphrases an idea already credited under another requirement","introduces a DISTINCT extra on-topic point — not a rephrasing or repeat of any other requirement — within the question's subject, with no further detail","introduces a distinct extra on-topic point AND develops it meaningfully (a real reason, cause, or effect — not just length)",introduces a distinct extra on-topic point AND develops it AND supports it with a concrete specific that genuinely advances the argument,pending,
W-B1-17,b1,summary,,50,300,,,,,,,,,,,,,,,,,Additional on-topic development,"no semantically distinct extra on-topic point, OR the 'extra' content paraphrases an idea already credited under another requirement","introduces a DISTINCT extra on-topic point — not a rephrasing or repeat of any other requirement — within the question's subject, with no further detail","introduces a distinct extra on-topic point AND develops it meaningfully (a real reason, cause, or effect — not just length)",introduces a distinct extra on-topic point AND develops it AND supports it with a concrete specific that genuinely advances the argument,pending,
W-B1-18,b1,article,,50,300,,,,,,,,,,,,,,,,,Additional on-topic development,"no semantically distinct extra on-topic point, OR the 'extra' content paraphrases an idea already credited under another requirement","introduces a DISTINCT extra on-topic point — not a rephrasing or repeat of any other requirement — within the question's subject, with no further detail","introduces a distinct extra on-topic point AND develops it meaningfully (a real reason, cause, or effect — not just length)",introduces a distinct extra on-topic point AND develops it AND supports it with a concrete specific that genuinely advances the argument,pending,
W-B1-19,b1,summary,,50,300,,,,,,,,,,,,,,,,,Additional on-topic development,"no semantically distinct extra on-topic point, OR the 'extra' content paraphrases an idea already credited under another requirement","introduces a DISTINCT extra on-topic point — not a rephrasing or repeat of any other requirement — within the question's subject, with no further detail","introduces a distinct extra on-topic point AND develops it meaningfully (a real reason, cause, or effect — not just length)",introduces a distinct extra on-topic point AND develops it AND supports it with a concrete specific that genuinely advances the argument,pending,
W-B1-20,b1,letter/email,,50,300,,,,,,,,,,,,,,,,,Additional on-topic development,"no semantically distinct extra on-topic point, OR the 'extra' content paraphrases an idea already credited under another requirement","introduces a DISTINCT extra on-topic point — not a rephrasing or repeat of any other requirement — within the question's subject, with no further detail","introduces a distinct extra on-topic point AND develops it meaningfully (a real reason, cause, or effect — not just length)",introduces a distinct extra on-topic point AND develops it AND supports it with a concrete specific that genuinely advances the argument,pending,
W-B1-21,b1,paragraph,,50,300,,,,,,,,,,,,,,,,,Additional on-topic development,"no semantically distinct extra on-topic point, OR the 'extra' content paraphrases an idea already credited under another requirement","introduces a DISTINCT extra on-topic point — not a rephrasing or repeat of any other requirement — within the question's subject, with no further detail","introduces a distinct extra on-topic point AND develops it meaningfully (a real reason, cause, or effect — not just length)",introduces a distinct extra on-topic point AND develops it AND supports it with a concrete specific that genuinely advances the argument,pending,
W-B1-22,b1,article,,50,300,,,,,,,,,,,,,,,,,Additional on-topic development,"no semantically distinct extra on-topic point, OR the 'extra' content paraphrases an idea already credited under another requirement","introduces a DISTINCT extra on-topic point — not a rephrasing or repeat of any other requirement — within the question's subject, with no further detail","introduces a distinct extra on-topic point AND develops it meaningfully (a real reason, cause, or effect — not just length)",introduces a distinct extra on-topic point AND develops it AND supports it with a concrete specific that genuinely advances the argument,pending,
W-B1-23,b1,article,,50,300,,,,,,,,,,,,,,,,,Additional on-topic development,"no semantically distinct extra on-topic point, OR the 'extra' content paraphrases an idea already credited under another requirement","introduces a DISTINCT extra on-topic point — not a rephrasing or repeat of any other requirement — within the question's subject, with no further detail","introduces a distinct extra on-topic point AND develops it meaningfully (a real reason, cause, or effect — not just length)",introduces a distinct extra on-topic point AND develops it AND supports it with a concrete specific that genuinely advances the argument,pending,
W-B1-24,b1,letter/email,,50,300,,,,,,,,,,,,,,,,,Additional on-topic development,"no semantically distinct extra on-topic point, OR the 'extra' content paraphrases an idea already credited under another requirement","introduces a DISTINCT extra on-topic point — not a rephrasing or repeat of any other requirement — within the question's subject, with no further detail","introduces a distinct extra on-topic point AND develops it meaningfully (a real reason, cause, or effect — not just length)",introduces a distinct extra on-topic point AND develops it AND supports it with a concrete specific that genuinely advances the argument,pending,
W-B1-25,b1,report,,50,300,,,,,,,,,,,,,,,,,Additional on-topic development,"no semantically distinct extra on-topic point, OR the 'extra' content paraphrases an idea already credited under another requirement","introduces a DISTINCT extra on-topic point — not a rephrasing or repeat of any other requirement — within the question's subject, with no further detail","introduces a distinct extra on-topic point AND develops it meaningfully (a real reason, cause, or effect — not just length)",introduces a distinct extra on-topic point AND develops it AND supports it with a concrete specific that genuinely advances the argument,pending,
W-B1-26,b1,report,,50,300,,,,,,,,,,,,,,,,,Additional on-topic development,"no semantically distinct extra on-topic point, OR the 'extra' content paraphrases an idea already credited under another requirement","introduces a DISTINCT extra on-topic point — not a rephrasing or repeat of any other requirement — within the question's subject, with no further detail","introduces a distinct extra on-topic point AND develops it meaningfully (a real reason, cause, or effect — not just length)",introduces a distinct extra on-topic point AND develops it AND supports it with a concrete specific that genuinely advances the argument,pending,
W-B1-27,b1,letter/email,,50,300,,,,,,,,,,,,,,,,,Additional on-topic development,"no semantically distinct extra on-topic point, OR the 'extra' content paraphrases an idea already credited under another requirement","introduces a DISTINCT extra on-topic point — not a rephrasing or repeat of any other requirement — within the question's subject, with no further detail","introduces a distinct extra on-topic point AND develops it meaningfully (a real reason, cause, or effect — not just length)",introduces a distinct extra on-topic point AND develops it AND supports it with a concrete specific that genuinely advances the argument,pending,
W-B1-28,b1,letter/email,,50,300,,,,,,,,,,,,,,,,,Additional on-topic development,"no semantically distinct extra on-topic point, OR the 'extra' content paraphrases an idea already credited under another requirement","introduces a DISTINCT extra on-topic point — not a rephrasing or repeat of any other requirement — within the question's subject, with no further detail","introduces a distinct extra on-topic point AND develops it meaningfully (a real reason, cause, or effect — not just length)",introduces a distinct extra on-topic point AND develops it AND supports it with a concrete specific that genuinely advances the argument,pending,
W-B1-29,b1,letter/email,,50,300,,,,,,,,,,,,,,,,,Additional on-topic development,"no semantically distinct extra on-topic point, OR the 'extra' content paraphrases an idea already credited under another requirement","introduces a DISTINCT extra on-topic point — not a rephrasing or repeat of any other requirement — within the question's subject, with no further detail","introduces a distinct extra on-topic point AND develops it meaningfully (a real reason, cause, or effect — not just length)",introduces a distinct extra on-topic point AND develops it AND supports it with a concrete specific that genuinely advances the argument,pending,
W-B1-30,b1,paragraph,,50,300,,,,,,,,,,,,,,,,,Additional on-topic development,"no semantically distinct extra on-topic point, OR the 'extra' content paraphrases an idea already credited under another requirement","introduces a DISTINCT extra on-topic point — not a rephrasing or repeat of any other requirement — within the question's subject, with no further detail","introduces a distinct extra on-topic point AND develops it meaningfully (a real reason, cause, or effect — not just length)",introduces a distinct extra on-topic point AND develops it AND supports it with a concrete specific that genuinely advances the argument,pending,
W-B2-1,b2,article,,100,400,,,,,,,,,,,,,,,,,Additional on-topic development,"no semantically distinct extra on-topic point, OR the 'extra' content paraphrases an idea already credited under another requirement","introduces a DISTINCT extra on-topic point — not a rephrasing or repeat of any other requirement — within the question's subject, with no further detail","introduces a distinct extra on-topic point AND develops it meaningfully (a real reason, cause, or effect — not just length)",introduces a distinct extra on-topic point AND develops it AND supports it with a concrete specific that genuinely advances the argument,pending,
W-B2-2,b2,article,,100,400,,,,,,,,,,,,,,,,,Additional on-topic development,"no semantically distinct extra on-topic point, OR the 'extra' content paraphrases an idea already credited under another requirement","introduces a DISTINCT extra on-topic point — not a rephrasing or repeat of any other requirement — within the question's subject, with no further detail","introduces a distinct extra on-topic point AND develops it meaningfully (a real reason, cause, or effect — not just length)",introduces a distinct extra on-topic point AND develops it AND supports it with a concrete specific that genuinely advances the argument,pending,
W-B2-3,b2,essay,"people, relationships, and family (b2)",100,400,"Social media has changed how people maintain friendships.

Write an essay discussing how online communication affects relationships today.

- Think about the positive and negative consequences of online communication for friendships
- Consider how online and in-person communication styles differ
- Use a personal example to show the impact",Positive and/or negative consequences of online communication for maintaining friendships,absent,"states a consequence exists with no specific detail (e.g., 'social media changes friendships').","names two distinct consequences OR weighs a positive against a negative with explanation (e.g., 'online communication helps friends stay in touch when they live far away, but it also reduces deep face-to-face conversation'). (scores 2, not 3 — names two consequences but does not anchor either with a meaningful specific that develops the idea.)","all of 2 AND TWO meaningful concrete specifics that materially develop each consequence (e.g., 'WhatsApp group chats let me share daily moments with old school friends in three different countries, but I noticed I now only see my best friend Sara twice a year, and our conversations have become shorter and less personal'). Bare token-stuffing — listing a name, a platform, and a place without genuine elaboration (e.g., 'My friend Ahmed used WhatsApp in Dubai') — does NOT count. The specifics must materially advance the consequence being argued.",Differences between online and in-person communication styles,absent,"notes there is a stylistic difference with no specific contrast (e.g., 'online is different from face-to-face').","names a specific stylistic aspect that differs AND explains how or why (e.g., 'online messages let you think before replying, while face-to-face conversations require quick responses'). (scores 2, not 3 — explains one contrast but lacks a concrete situation showing the styles in practice.)","all of 2 AND TWO meaningful concrete specifics — situations, platforms, or named contexts that materially show each communication style in practice (e.g., 'in our weekly Zoom team calls colleagues focus on the agenda and rarely make small talk, whereas at our office Christmas dinner last year we spent two hours sharing personal stories that would never come up over Slack'). Generic statements like 'people behave differently online' or shallow name-drops without elaboration do NOT count.",Personal example showing the impact,absent,"a vague reference to personal experience (e.g., 'I have used social media').","a specific situation from own life with one detail and a clear link to the topic (e.g., 'I reconnected with a school friend through Instagram after ten years'). (scores 2, not 3 — the situation is named but lacks a concrete outcome or development that shows the impact materially.)","a fully developed personal example with TWO meaningful concrete specifics — a named person/place/platform AND a clear outcome or change that materially shows the impact (e.g., 'through Instagram I reconnected with my secondary school friend Carlos, and we now message every Sunday — last summer we met in Madrid for the first time in ten years and have stayed close ever since'). Shallow name-drops without development (e.g., 'My friend Ahmed used WhatsApp in Dubai') do NOT count.",Additional on-topic development,"no semantically distinct extra on-topic point, OR the 'extra' content paraphrases an idea already credited under another requirement","introduces a DISTINCT extra on-topic point — not a rephrasing or repeat of any other requirement — within the question's subject, with no further detail","introduces a distinct extra on-topic point AND develops it meaningfully (a real reason, cause, or effect — not just length)",introduces a distinct extra on-topic point AND develops it AND supports it with a concrete specific that genuinely advances the argument,verified,
W-B2-4,b2,article,,100,400,,,,,,,,,,,,,,,,,Additional on-topic development,"no semantically distinct extra on-topic point, OR the 'extra' content paraphrases an idea already credited under another requirement","introduces a DISTINCT extra on-topic point — not a rephrasing or repeat of any other requirement — within the question's subject, with no further detail","introduces a distinct extra on-topic point AND develops it meaningfully (a real reason, cause, or effect — not just length)",introduces a distinct extra on-topic point AND develops it AND supports it with a concrete specific that genuinely advances the argument,pending,
W-B2-5,b2,letter/email,,100,400,,,,,,,,,,,,,,,,,Additional on-topic development,"no semantically distinct extra on-topic point, OR the 'extra' content paraphrases an idea already credited under another requirement","introduces a DISTINCT extra on-topic point — not a rephrasing or repeat of any other requirement — within the question's subject, with no further detail","introduces a distinct extra on-topic point AND develops it meaningfully (a real reason, cause, or effect — not just length)",introduces a distinct extra on-topic point AND develops it AND supports it with a concrete specific that genuinely advances the argument,pending,
W-B2-6,b2,essay,,100,400,"Technology has significantly impacted various aspects of our lives in recent years.

Write an essay discussing both the positive and negative effects of technology on society.

- Think about the positive effects of technology on communication
- Consider the negative effects of technology on the workplace
- Use specific examples from recent news",Positive effects of technology on communication,absent,"states that technology has positive effects on communication without further detail (e.g., 'Technology improves communication').","names a positive effect AND provides a reason or explanation (e.g., 'Technology improves communication by allowing instant messaging, which makes it easier to stay in touch with friends'). (scores 2, not 3 — provides a reason but lacks a concrete specific such as a personal or real-world example).","all of 2 AND includes a concrete specific — a personal anecdote, hypothetical scenario, or real-world reference (e.g., 'With video calls, I can see my family who lives abroad every weekend, which strengthens our relationship'). Vague statements like 'it helps people connect' do NOT count as concrete specifics.",Negative effects of technology on the workplace,absent,"states that technology has negative effects on the workplace without further detail (e.g., 'Technology harms the workplace').","names a negative effect AND provides a reason or explanation (e.g., 'Technology can lead to job displacement as machines replace human workers'). (scores 2, not 3 — provides a reason but lacks a concrete specific such as a personal or real-world example).","all of 2 AND includes a concrete specific — a personal anecdote, hypothetical scenario, or real-world reference (e.g., 'In my company, the introduction of automated systems led to the layoff of several employees, which increased job insecurity'). General statements like 'it causes problems' do NOT count as concrete specifics.",Specific examples from recent news,absent,"mentions that there are examples from recent news without specifying any (e.g., 'There are examples in the news').","refers to a specific type of news story AND provides a reason or explanation (e.g., 'Recent news stories show how technology affects privacy, as many companies have been hacked'). (scores 2, not 3 — provides a reason but lacks a concrete specific such as a detailed example or scenario).","all of 2 AND includes a concrete specific — a detailed news story, personal observation, or hypothetical scenario (e.g., 'Recently, a major tech company was fined for a data breach that exposed millions of users' personal information, highlighting the risks of digital data storage'). Vague references like 'some news stories' do NOT count as concrete specifics.",Additional on-topic development,"no semantically distinct extra on-topic point, OR the 'extra' content paraphrases an idea already credited under another requirement","introduces a DISTINCT extra on-topic point — not a rephrasing or repeat of any other requirement — within the question's subject, with no further detail","introduces a distinct extra on-topic point AND develops it meaningfully (a real reason, cause, or effect — not just length)",introduces a distinct extra on-topic point AND develops it AND supports it with a concrete specific that genuinely advances the argument,auto-generated,
W-B2-7,b2,essay,,100,400,"Online shopping has transformed the way consumers purchase goods and services.

Write an essay discussing consumer rights in online shopping.

- Think about current protections for online shoppers
- Consider common problems in online shopping
- Include needed improvements in consumer rights",Current protections for online shoppers,absent,"mentions protections for online shoppers without further detail (e.g., 'there are protections for online shoppers').","mentions protections and provides a reason or explanation (e.g., 'online shoppers are protected by refund policies to ensure they can return faulty goods'). (scores 2, not 3 — lacks a concrete example of a specific policy or law).","all of 2 AND includes a concrete specific, such as a real-world policy or a hypothetical scenario (e.g., 'the EU's consumer rights directive allows customers to return products within 14 days if they are not satisfied'). Vague statements like 'there are many protections' do NOT count.",Common problems in online shopping,absent,"mentions problems in online shopping without further detail (e.g., 'there are problems with online shopping').","mentions a problem and provides a reason or explanation (e.g., 'a common problem is delayed delivery, which frustrates customers'). (scores 2, not 3 — lacks a concrete example of a specific incident or scenario).","all of 2 AND includes a concrete specific, such as a personal anecdote or a hypothetical scenario (e.g., 'many shoppers experience delays, like when my order took two weeks longer than expected due to a warehouse issue'). General statements like 'there are many issues' do NOT count.",Needed improvements in consumer rights,absent,"mentions needed improvements in consumer rights without further detail (e.g., 'consumer rights need improvement').","mentions an improvement and provides a reason or explanation (e.g., 'consumer rights need to include better data protection to prevent identity theft'). (scores 2, not 3 — lacks a concrete example of a specific improvement or policy).","all of 2 AND includes a concrete specific, such as a real-world example or a hypothetical scenario (e.g., 'introducing stricter regulations on data handling by online retailers could prevent breaches, similar to the GDPR in Europe'). Vague suggestions like 'better laws' do NOT count.",Additional on-topic development,"no semantically distinct extra on-topic point, OR the 'extra' content paraphrases an idea already credited under another requirement","introduces a DISTINCT extra on-topic point — not a rephrasing or repeat of any other requirement — within the question's subject, with no further detail","introduces a distinct extra on-topic point AND develops it meaningfully (a real reason, cause, or effect — not just length)",introduces a distinct extra on-topic point AND develops it AND supports it with a concrete specific that genuinely advances the argument,auto-generated,
W-B2-8,b2,report,,100,400,,,,,,,,,,,,,,,,,Additional on-topic development,"no semantically distinct extra on-topic point, OR the 'extra' content paraphrases an idea already credited under another requirement","introduces a DISTINCT extra on-topic point — not a rephrasing or repeat of any other requirement — within the question's subject, with no further detail","introduces a distinct extra on-topic point AND develops it meaningfully (a real reason, cause, or effect — not just length)",introduces a distinct extra on-topic point AND develops it AND supports it with a concrete specific that genuinely advances the argument,pending,
W-B2-9,b2,letter/email,,100,400,,,,,,,,,,,,,,,,,Additional on-topic development,"no semantically distinct extra on-topic point, OR the 'extra' content paraphrases an idea already credited under another requirement","introduces a DISTINCT extra on-topic point — not a rephrasing or repeat of any other requirement — within the question's subject, with no further detail","introduces a distinct extra on-topic point AND develops it meaningfully (a real reason, cause, or effect — not just length)",introduces a distinct extra on-topic point AND develops it AND supports it with a concrete specific that genuinely advances the argument,pending,
W-B2-10,b2,letter/email,,100,400,,,,,,,,,,,,,,,,,Additional on-topic development,"no semantically distinct extra on-topic point, OR the 'extra' content paraphrases an idea already credited under another requirement","introduces a DISTINCT extra on-topic point — not a rephrasing or repeat of any other requirement — within the question's subject, with no further detail","introduces a distinct extra on-topic point AND develops it meaningfully (a real reason, cause, or effect — not just length)",introduces a distinct extra on-topic point AND develops it AND supports it with a concrete specific that genuinely advances the argument,pending,
W-B2-11,b2,article,,100,400,,,,,,,,,,,,,,,,,Additional on-topic development,"no semantically distinct extra on-topic point, OR the 'extra' content paraphrases an idea already credited under another requirement","introduces a DISTINCT extra on-topic point — not a rephrasing or repeat of any other requirement — within the question's subject, with no further detail","introduces a distinct extra on-topic point AND develops it meaningfully (a real reason, cause, or effect — not just length)",introduces a distinct extra on-topic point AND develops it AND supports it with a concrete specific that genuinely advances the argument,pending,
W-B2-12,b2,essay,,100,400,,,,,,,,,,,,,,,,,Additional on-topic development,"no semantically distinct extra on-topic point, OR the 'extra' content paraphrases an idea already credited under another requirement","introduces a DISTINCT extra on-topic point — not a rephrasing or repeat of any other requirement — within the question's subject, with no further detail","introduces a distinct extra on-topic point AND develops it meaningfully (a real reason, cause, or effect — not just length)",introduces a distinct extra on-topic point AND develops it AND supports it with a concrete specific that genuinely advances the argument,pending,
W-B2-13,b2,essay,,100,400,,,,,,,,,,,,,,,,,Additional on-topic development,"no semantically distinct extra on-topic point, OR the 'extra' content paraphrases an idea already credited under another requirement","introduces a DISTINCT extra on-topic point — not a rephrasing or repeat of any other requirement — within the question's subject, with no further detail","introduces a distinct extra on-topic point AND develops it meaningfully (a real reason, cause, or effect — not just length)",introduces a distinct extra on-topic point AND develops it AND supports it with a concrete specific that genuinely advances the argument,pending,
W-B2-14,b2,essay,,100,400,,,,,,,,,,,,,,,,,Additional on-topic development,"no semantically distinct extra on-topic point, OR the 'extra' content paraphrases an idea already credited under another requirement","introduces a DISTINCT extra on-topic point — not a rephrasing or repeat of any other requirement — within the question's subject, with no further detail","introduces a distinct extra on-topic point AND develops it meaningfully (a real reason, cause, or effect — not just length)",introduces a distinct extra on-topic point AND develops it AND supports it with a concrete specific that genuinely advances the argument,pending,
W-B2-15,b2,essay,,100,400,,,,,,,,,,,,,,,,,Additional on-topic development,"no semantically distinct extra on-topic point, OR the 'extra' content paraphrases an idea already credited under another requirement","introduces a DISTINCT extra on-topic point — not a rephrasing or repeat of any other requirement — within the question's subject, with no further detail","introduces a distinct extra on-topic point AND develops it meaningfully (a real reason, cause, or effect — not just length)",introduces a distinct extra on-topic point AND develops it AND supports it with a concrete specific that genuinely advances the argument,pending,
W-B2-16,b2,essay,,100,400,,,,,,,,,,,,,,,,,Additional on-topic development,"no semantically distinct extra on-topic point, OR the 'extra' content paraphrases an idea already credited under another requirement","introduces a DISTINCT extra on-topic point — not a rephrasing or repeat of any other requirement — within the question's subject, with no further detail","introduces a distinct extra on-topic point AND develops it meaningfully (a real reason, cause, or effect — not just length)",introduces a distinct extra on-topic point AND develops it AND supports it with a concrete specific that genuinely advances the argument,pending,
W-B2-17,b2,report,,100,400,,,,,,,,,,,,,,,,,Additional on-topic development,"no semantically distinct extra on-topic point, OR the 'extra' content paraphrases an idea already credited under another requirement","introduces a DISTINCT extra on-topic point — not a rephrasing or repeat of any other requirement — within the question's subject, with no further detail","introduces a distinct extra on-topic point AND develops it meaningfully (a real reason, cause, or effect — not just length)",introduces a distinct extra on-topic point AND develops it AND supports it with a concrete specific that genuinely advances the argument,pending,
W-B2-18,b2,report,,100,400,,,,,,,,,,,,,,,,,Additional on-topic development,"no semantically distinct extra on-topic point, OR the 'extra' content paraphrases an idea already credited under another requirement","introduces a DISTINCT extra on-topic point — not a rephrasing or repeat of any other requirement — within the question's subject, with no further detail","introduces a distinct extra on-topic point AND develops it meaningfully (a real reason, cause, or effect — not just length)",introduces a distinct extra on-topic point AND develops it AND supports it with a concrete specific that genuinely advances the argument,pending,
W-B2-19,b2,article,,100,400,,,,,,,,,,,,,,,,,Additional on-topic development,"no semantically distinct extra on-topic point, OR the 'extra' content paraphrases an idea already credited under another requirement","introduces a DISTINCT extra on-topic point — not a rephrasing or repeat of any other requirement — within the question's subject, with no further detail","introduces a distinct extra on-topic point AND develops it meaningfully (a real reason, cause, or effect — not just length)",introduces a distinct extra on-topic point AND develops it AND supports it with a concrete specific that genuinely advances the argument,pending,
W-B2-20,b2,article,,100,400,,,,,,,,,,,,,,,,,Additional on-topic development,"no semantically distinct extra on-topic point, OR the 'extra' content paraphrases an idea already credited under another requirement","introduces a DISTINCT extra on-topic point — not a rephrasing or repeat of any other requirement — within the question's subject, with no further detail","introduces a distinct extra on-topic point AND develops it meaningfully (a real reason, cause, or effect — not just length)",introduces a distinct extra on-topic point AND develops it AND supports it with a concrete specific that genuinely advances the argument,pending,
W-B2-21,b2,report,,100,400,,,,,,,,,,,,,,,,,Additional on-topic development,"no semantically distinct extra on-topic point, OR the 'extra' content paraphrases an idea already credited under another requirement","introduces a DISTINCT extra on-topic point — not a rephrasing or repeat of any other requirement — within the question's subject, with no further detail","introduces a distinct extra on-topic point AND develops it meaningfully (a real reason, cause, or effect — not just length)",introduces a distinct extra on-topic point AND develops it AND supports it with a concrete specific that genuinely advances the argument,pending,
W-B2-22,b2,letter/email,,100,400,,,,,,,,,,,,,,,,,Additional on-topic development,"no semantically distinct extra on-topic point, OR the 'extra' content paraphrases an idea already credited under another requirement","introduces a DISTINCT extra on-topic point — not a rephrasing or repeat of any other requirement — within the question's subject, with no further detail","introduces a distinct extra on-topic point AND develops it meaningfully (a real reason, cause, or effect — not just length)",introduces a distinct extra on-topic point AND develops it AND supports it with a concrete specific that genuinely advances the argument,pending,
W-B2-23,b2,report,,100,400,,,,,,,,,,,,,,,,,Additional on-topic development,"no semantically distinct extra on-topic point, OR the 'extra' content paraphrases an idea already credited under another requirement","introduces a DISTINCT extra on-topic point — not a rephrasing or repeat of any other requirement — within the question's subject, with no further detail","introduces a distinct extra on-topic point AND develops it meaningfully (a real reason, cause, or effect — not just length)",introduces a distinct extra on-topic point AND develops it AND supports it with a concrete specific that genuinely advances the argument,pending,
W-B2-24,b2,letter/email,,100,400,,,,,,,,,,,,,,,,,Additional on-topic development,"no semantically distinct extra on-topic point, OR the 'extra' content paraphrases an idea already credited under another requirement","introduces a DISTINCT extra on-topic point — not a rephrasing or repeat of any other requirement — within the question's subject, with no further detail","introduces a distinct extra on-topic point AND develops it meaningfully (a real reason, cause, or effect — not just length)",introduces a distinct extra on-topic point AND develops it AND supports it with a concrete specific that genuinely advances the argument,pending,
W-B2-25,b2,essay,,100,400,,,,,,,,,,,,,,,,,Additional on-topic development,"no semantically distinct extra on-topic point, OR the 'extra' content paraphrases an idea already credited under another requirement","introduces a DISTINCT extra on-topic point — not a rephrasing or repeat of any other requirement — within the question's subject, with no further detail","introduces a distinct extra on-topic point AND develops it meaningfully (a real reason, cause, or effect — not just length)",introduces a distinct extra on-topic point AND develops it AND supports it with a concrete specific that genuinely advances the argument,pending,
W-B2-26,b2,essay,"countries, cities, towns, and public places (b2)",100,200,,,,,,,,,,,,,,,,,Additional on-topic development,"no semantically distinct extra on-topic point, OR the 'extra' content paraphrases an idea already credited under another requirement","introduces a DISTINCT extra on-topic point — not a rephrasing or repeat of any other requirement — within the question's subject, with no further detail","introduces a distinct extra on-topic point AND develops it meaningfully (a real reason, cause, or effect — not just length)",introduces a distinct extra on-topic point AND develops it AND supports it with a concrete specific that genuinely advances the argument,pending,
W-B2-27,b2,report,,100,400,,,,,,,,,,,,,,,,,Additional on-topic development,"no semantically distinct extra on-topic point, OR the 'extra' content paraphrases an idea already credited under another requirement","introduces a DISTINCT extra on-topic point — not a rephrasing or repeat of any other requirement — within the question's subject, with no further detail","introduces a distinct extra on-topic point AND develops it meaningfully (a real reason, cause, or effect — not just length)",introduces a distinct extra on-topic point AND develops it AND supports it with a concrete specific that genuinely advances the argument,pending,
W-C1-1,c1,report,,150,500,,,,,,,,,,,,,,,,,Additional on-topic development,"no semantically distinct extra on-topic point, OR the 'extra' content paraphrases an idea already credited under another requirement","introduces a DISTINCT extra on-topic point — not a rephrasing or repeat of any other requirement — within the question's subject, with no further detail","introduces a distinct extra on-topic point AND develops it meaningfully (a real reason, cause, or effect — not just length)",introduces a distinct extra on-topic point AND develops it AND supports it with a concrete specific that genuinely advances the argument,pending,
W-C1-2,c1,essay,,150,500,,,,,,,,,,,,,,,,,Additional on-topic development,"no semantically distinct extra on-topic point, OR the 'extra' content paraphrases an idea already credited under another requirement","introduces a DISTINCT extra on-topic point — not a rephrasing or repeat of any other requirement — within the question's subject, with no further detail","introduces a distinct extra on-topic point AND develops it meaningfully (a real reason, cause, or effect — not just length)",introduces a distinct extra on-topic point AND develops it AND supports it with a concrete specific that genuinely advances the argument,pending,
W-C1-3,c1,report,,150,500,,,,,,,,,,,,,,,,,Additional on-topic development,"no semantically distinct extra on-topic point, OR the 'extra' content paraphrases an idea already credited under another requirement","introduces a DISTINCT extra on-topic point — not a rephrasing or repeat of any other requirement — within the question's subject, with no further detail","introduces a distinct extra on-topic point AND develops it meaningfully (a real reason, cause, or effect — not just length)",introduces a distinct extra on-topic point AND develops it AND supports it with a concrete specific that genuinely advances the argument,pending,
W-C1-4,c1,letter/email,,150,500,,,,,,,,,,,,,,,,,Additional on-topic development,"no semantically distinct extra on-topic point, OR the 'extra' content paraphrases an idea already credited under another requirement","introduces a DISTINCT extra on-topic point — not a rephrasing or repeat of any other requirement — within the question's subject, with no further detail","introduces a distinct extra on-topic point AND develops it meaningfully (a real reason, cause, or effect — not just length)",introduces a distinct extra on-topic point AND develops it AND supports it with a concrete specific that genuinely advances the argument,pending,
W-C1-5,c1,essay,,150,500,,,,,,,,,,,,,,,,,Additional on-topic development,"no semantically distinct extra on-topic point, OR the 'extra' content paraphrases an idea already credited under another requirement","introduces a DISTINCT extra on-topic point — not a rephrasing or repeat of any other requirement — within the question's subject, with no further detail","introduces a distinct extra on-topic point AND develops it meaningfully (a real reason, cause, or effect — not just length)",introduces a distinct extra on-topic point AND develops it AND supports it with a concrete specific that genuinely advances the argument,pending,
W-C1-6,c1,proposal,,150,500,,,,,,,,,,,,,,,,,Additional on-topic development,"no semantically distinct extra on-topic point, OR the 'extra' content paraphrases an idea already credited under another requirement","introduces a DISTINCT extra on-topic point — not a rephrasing or repeat of any other requirement — within the question's subject, with no further detail","introduces a distinct extra on-topic point AND develops it meaningfully (a real reason, cause, or effect — not just length)",introduces a distinct extra on-topic point AND develops it AND supports it with a concrete specific that genuinely advances the argument,pending,
W-C1-7,c1,proposal,,150,500,,,,,,,,,,,,,,,,,Additional on-topic development,"no semantically distinct extra on-topic point, OR the 'extra' content paraphrases an idea already credited under another requirement","introduces a DISTINCT extra on-topic point — not a rephrasing or repeat of any other requirement — within the question's subject, with no further detail","introduces a distinct extra on-topic point AND develops it meaningfully (a real reason, cause, or effect — not just length)",introduces a distinct extra on-topic point AND develops it AND supports it with a concrete specific that genuinely advances the argument,pending,
W-C1-8,c1,article,,150,500,,,,,,,,,,,,,,,,,Additional on-topic development,"no semantically distinct extra on-topic point, OR the 'extra' content paraphrases an idea already credited under another requirement","introduces a DISTINCT extra on-topic point — not a rephrasing or repeat of any other requirement — within the question's subject, with no further detail","introduces a distinct extra on-topic point AND develops it meaningfully (a real reason, cause, or effect — not just length)",introduces a distinct extra on-topic point AND develops it AND supports it with a concrete specific that genuinely advances the argument,pending,
W-C1-9,c1,essay,,150,500,,,,,,,,,,,,,,,,,Additional on-topic development,"no semantically distinct extra on-topic point, OR the 'extra' content paraphrases an idea already credited under another requirement","introduces a DISTINCT extra on-topic point — not a rephrasing or repeat of any other requirement — within the question's subject, with no further detail","introduces a distinct extra on-topic point AND develops it meaningfully (a real reason, cause, or effect — not just length)",introduces a distinct extra on-topic point AND develops it AND supports it with a concrete specific that genuinely advances the argument,pending,
W-C1-10,c1,report,,150,500,,,,,,,,,,,,,,,,,Additional on-topic development,"no semantically distinct extra on-topic point, OR the 'extra' content paraphrases an idea already credited under another requirement","introduces a DISTINCT extra on-topic point — not a rephrasing or repeat of any other requirement — within the question's subject, with no further detail","introduces a distinct extra on-topic point AND develops it meaningfully (a real reason, cause, or effect — not just length)",introduces a distinct extra on-topic point AND develops it AND supports it with a concrete specific that genuinely advances the argument,pending,
W-C1-11,c1,report,,150,500,,,,,,,,,,,,,,,,,Additional on-topic development,"no semantically distinct extra on-topic point, OR the 'extra' content paraphrases an idea already credited under another requirement","introduces a DISTINCT extra on-topic point — not a rephrasing or repeat of any other requirement — within the question's subject, with no further detail","introduces a distinct extra on-topic point AND develops it meaningfully (a real reason, cause, or effect — not just length)",introduces a distinct extra on-topic point AND develops it AND supports it with a concrete specific that genuinely advances the argument,pending,
W-C1-12,c1,report,,150,500,,,,,,,,,,,,,,,,,Additional on-topic development,"no semantically distinct extra on-topic point, OR the 'extra' content paraphrases an idea already credited under another requirement","introduces a DISTINCT extra on-topic point — not a rephrasing or repeat of any other requirement — within the question's subject, with no further detail","introduces a distinct extra on-topic point AND develops it meaningfully (a real reason, cause, or effect — not just length)",introduces a distinct extra on-topic point AND develops it AND supports it with a concrete specific that genuinely advances the argument,pending,
W-C1-13,c1,report,,150,500,,,,,,,,,,,,,,,,,Additional on-topic development,"no semantically distinct extra on-topic point, OR the 'extra' content paraphrases an idea already credited under another requirement","introduces a DISTINCT extra on-topic point — not a rephrasing or repeat of any other requirement — within the question's subject, with no further detail","introduces a distinct extra on-topic point AND develops it meaningfully (a real reason, cause, or effect — not just length)",introduces a distinct extra on-topic point AND develops it AND supports it with a concrete specific that genuinely advances the argument,pending,
W-C1-14,c1,essay,,150,500,,,,,,,,,,,,,,,,,Additional on-topic development,"no semantically distinct extra on-topic point, OR the 'extra' content paraphrases an idea already credited under another requirement","introduces a DISTINCT extra on-topic point — not a rephrasing or repeat of any other requirement — within the question's subject, with no further detail","introduces a distinct extra on-topic point AND develops it meaningfully (a real reason, cause, or effect — not just length)",introduces a distinct extra on-topic point AND develops it AND supports it with a concrete specific that genuinely advances the argument,pending,
W-C1-15,c1,essay,,150,500,,,,,,,,,,,,,,,,,Additional on-topic development,"no semantically distinct extra on-topic point, OR the 'extra' content paraphrases an idea already credited under another requirement","introduces a DISTINCT extra on-topic point — not a rephrasing or repeat of any other requirement — within the question's subject, with no further detail","introduces a distinct extra on-topic point AND develops it meaningfully (a real reason, cause, or effect — not just length)",introduces a distinct extra on-topic point AND develops it AND supports it with a concrete specific that genuinely advances the argument,pending,
W-C1-16,c1,long answer,,150,500,,,,,,,,,,,,,,,,,Additional on-topic development,"no semantically distinct extra on-topic point, OR the 'extra' content paraphrases an idea already credited under another requirement","introduces a DISTINCT extra on-topic point — not a rephrasing or repeat of any other requirement — within the question's subject, with no further detail","introduces a distinct extra on-topic point AND develops it meaningfully (a real reason, cause, or effect — not just length)",introduces a distinct extra on-topic point AND develops it AND supports it with a concrete specific that genuinely advances the argument,pending,
W-C2-20260324071428,c2,letter/email,global challenges (accessible),150,500,,,,,,,,,,,,,,,,,Additional on-topic development,"no semantically distinct extra on-topic point, OR the 'extra' content paraphrases an idea already credited under another requirement","introduces a DISTINCT extra on-topic point — not a rephrasing or repeat of any other requirement — within the question's subject, with no further detail","introduces a distinct extra on-topic point AND develops it meaningfully (a real reason, cause, or effect — not just length)",introduces a distinct extra on-topic point AND develops it AND supports it with a concrete specific that genuinely advances the argument,pending,
W-B1-20260414131142,b1,summary,self and identity,50,300,,,,,,,,,,,,,,,,,Additional on-topic development,"no semantically distinct extra on-topic point, OR the 'extra' content paraphrases an idea already credited under another requirement","introduces a DISTINCT extra on-topic point — not a rephrasing or repeat of any other requirement — within the question's subject, with no further detail","introduces a distinct extra on-topic point AND develops it meaningfully (a real reason, cause, or effect — not just length)",introduces a distinct extra on-topic point AND develops it AND supports it with a concrete specific that genuinely advances the argument,pending,
W-B2-20260420061805,b2,essay,general,50,250,,,,,,,,,,,,,,,,,Additional on-topic development,"no semantically distinct extra on-topic point, OR the 'extra' content paraphrases an idea already credited under another requirement","introduces a DISTINCT extra on-topic point — not a rephrasing or repeat of any other requirement — within the question's subject, with no further detail","introduces a distinct extra on-topic point AND develops it meaningfully (a real reason, cause, or effect — not just length)",introduces a distinct extra on-topic point AND develops it AND supports it with a concrete specific that genuinely advances the argument,pending,
W-B2-20260420061915,b2,essay,general,100,400,,,,,,,,,,,,,,,,,Additional on-topic development,"no semantically distinct extra on-topic point, OR the 'extra' content paraphrases an idea already credited under another requirement","introduces a DISTINCT extra on-topic point — not a rephrasing or repeat of any other requirement — within the question's subject, with no further detail","introduces a distinct extra on-topic point AND develops it meaningfully (a real reason, cause, or effect — not just length)",introduces a distinct extra on-topic point AND develops it AND supports it with a concrete specific that genuinely advances the argument,pending,
W-B2-20260421071523,b2,paragraph,general,100,400,,,,,,,,,,,,,,,,,Additional on-topic development,"no semantically distinct extra on-topic point, OR the 'extra' content paraphrases an idea already credited under another requirement","introduces a DISTINCT extra on-topic point — not a rephrasing or repeat of any other requirement — within the question's subject, with no further detail","introduces a distinct extra on-topic point AND develops it meaningfully (a real reason, cause, or effect — not just length)",introduces a distinct extra on-topic point AND develops it AND supports it with a concrete specific that genuinely advances the argument,pending,
W-A1-50,a1,placement writing,"people, relationships, and family (a1)",50,150,,,,,,,,,,,,,,,,,Additional on-topic development,"no semantically distinct extra on-topic point, OR the 'extra' content paraphrases an idea already credited under another requirement","introduces a DISTINCT extra on-topic point — not a rephrasing or repeat of any other requirement — within the question's subject, with no further detail","introduces a distinct extra on-topic point AND develops it meaningfully (a real reason, cause, or effect — not just length)",introduces a distinct extra on-topic point AND develops it AND supports it with a concrete specific that genuinely advances the argument,pending,
W-A1-51,a1,placement writing,"countries, cities, towns, and public places (a1)",50,150,,,,,,,,,,,,,,,,,Additional on-topic development,"no semantically distinct extra on-topic point, OR the 'extra' content paraphrases an idea already credited under another requirement","introduces a DISTINCT extra on-topic point — not a rephrasing or repeat of any other requirement — within the question's subject, with no further detail","introduces a distinct extra on-topic point AND develops it meaningfully (a real reason, cause, or effect — not just length)",introduces a distinct extra on-topic point AND develops it AND supports it with a concrete specific that genuinely advances the argument,pending,
W-A2-50,a2,placement writing,"sports, hobbies, and interests (a2)",80,200,,,,,,,,,,,,,,,,,Additional on-topic development,"no semantically distinct extra on-topic point, OR the 'extra' content paraphrases an idea already credited under another requirement","introduces a DISTINCT extra on-topic point — not a rephrasing or repeat of any other requirement — within the question's subject, with no further detail","introduces a distinct extra on-topic point AND develops it meaningfully (a real reason, cause, or effect — not just length)",introduces a distinct extra on-topic point AND develops it AND supports it with a concrete specific that genuinely advances the argument,pending,
W-A2-51,a2,placement writing,"countries, cities, towns, and public places (a2)",80,200,,,,,,,,,,,,,,,,,Additional on-topic development,"no semantically distinct extra on-topic point, OR the 'extra' content paraphrases an idea already credited under another requirement","introduces a DISTINCT extra on-topic point — not a rephrasing or repeat of any other requirement — within the question's subject, with no further detail","introduces a distinct extra on-topic point AND develops it meaningfully (a real reason, cause, or effect — not just length)",introduces a distinct extra on-topic point AND develops it AND supports it with a concrete specific that genuinely advances the argument,pending,
W-B1-50,b1,placement writing,"education, study, and language (b1)",100,250,,,,,,,,,,,,,,,,,Additional on-topic development,"no semantically distinct extra on-topic point, OR the 'extra' content paraphrases an idea already credited under another requirement","introduces a DISTINCT extra on-topic point — not a rephrasing or repeat of any other requirement — within the question's subject, with no further detail","introduces a distinct extra on-topic point AND develops it meaningfully (a real reason, cause, or effect — not just length)",introduces a distinct extra on-topic point AND develops it AND supports it with a concrete specific that genuinely advances the argument,pending,
W-B1-51,b1,placement writing,body and health (b1),100,250,,,,,,,,,,,,,,,,,Additional on-topic development,"no semantically distinct extra on-topic point, OR the 'extra' content paraphrases an idea already credited under another requirement","introduces a DISTINCT extra on-topic point — not a rephrasing or repeat of any other requirement — within the question's subject, with no further detail","introduces a distinct extra on-topic point AND develops it meaningfully (a real reason, cause, or effect — not just length)",introduces a distinct extra on-topic point AND develops it AND supports it with a concrete specific that genuinely advances the argument,pending,
W-B2-50,b2,placement writing,workplace and jobs (b2),150,300,,,,,,,,,,,,,,,,,Additional on-topic development,"no semantically distinct extra on-topic point, OR the 'extra' content paraphrases an idea already credited under another requirement","introduces a DISTINCT extra on-topic point — not a rephrasing or repeat of any other requirement — within the question's subject, with no further detail","introduces a distinct extra on-topic point AND develops it meaningfully (a real reason, cause, or effect — not just length)",introduces a distinct extra on-topic point AND develops it AND supports it with a concrete specific that genuinely advances the argument,pending,
W-B2-51,b2,placement writing,"countries, cities, towns, and public places (b2)",150,300,,,,,,,,,,,,,,,,,Additional on-topic development,"no semantically distinct extra on-topic point, OR the 'extra' content paraphrases an idea already credited under another requirement","introduces a DISTINCT extra on-topic point — not a rephrasing or repeat of any other requirement — within the question's subject, with no further detail","introduces a distinct extra on-topic point AND develops it meaningfully (a real reason, cause, or effect — not just length)",introduces a distinct extra on-topic point AND develops it AND supports it with a concrete specific that genuinely advances the argument,pending,
W-C1-50,c1,placement writing,science and technology (c1),175,350,,,,,,,,,,,,,,,,,Additional on-topic development,"no semantically distinct extra on-topic point, OR the 'extra' content paraphrases an idea already credited under another requirement","introduces a DISTINCT extra on-topic point — not a rephrasing or repeat of any other requirement — within the question's subject, with no further detail","introduces a distinct extra on-topic point AND develops it meaningfully (a real reason, cause, or effect — not just length)",introduces a distinct extra on-topic point AND develops it AND supports it with a concrete specific that genuinely advances the argument,pending,
W-C1-51,c1,placement writing,politics and society (c1),175,350,,,,,,,,,,,,,,,,,Additional on-topic development,"no semantically distinct extra on-topic point, OR the 'extra' content paraphrases an idea already credited under another requirement","introduces a DISTINCT extra on-topic point — not a rephrasing or repeat of any other requirement — within the question's subject, with no further detail","introduces a distinct extra on-topic point AND develops it meaningfully (a real reason, cause, or effect — not just length)",introduces a distinct extra on-topic point AND develops it AND supports it with a concrete specific that genuinely advances the argument,pending,
W-A2-20260506055545,a2,paragraph,"countries, cities, towns, and public places (a2)",90,120,,,,,,,,,,,,,,,,,Additional on-topic development,"no semantically distinct extra on-topic point, OR the 'extra' content paraphrases an idea already credited under another requirement","introduces a DISTINCT extra on-topic point — not a rephrasing or repeat of any other requirement — within the question's subject, with no further detail","introduces a distinct extra on-topic point AND develops it meaningfully (a real reason, cause, or effect — not just length)",introduces a distinct extra on-topic point AND develops it AND supports it with a concrete specific that genuinely advances the argument,pending,
W-A1-20260506090636,a1,placement writing,"people, relationships, and family (a1)",40,60,,,,,,,,,,,,,,,,,Additional on-topic development,"no semantically distinct extra on-topic point, OR the 'extra' content paraphrases an idea already credited under another requirement","introduces a DISTINCT extra on-topic point — not a rephrasing or repeat of any other requirement — within the question's subject, with no further detail","introduces a distinct extra on-topic point AND develops it meaningfully (a real reason, cause, or effect — not just length)",introduces a distinct extra on-topic point AND develops it AND supports it with a concrete specific that genuinely advances the argument,pending,
W-A1-20260507090557,a1,paragraph,"countries, cities, towns, and public places (a1)",50,70,,,,,,,,,,,,,,,,,Additional on-topic development,"no semantically distinct extra on-topic point, OR the 'extra' content paraphrases an idea already credited under another requirement","introduces a DISTINCT extra on-topic point — not a rephrasing or repeat of any other requirement — within the question's subject, with no further detail","introduces a distinct extra on-topic point AND develops it meaningfully (a real reason, cause, or effect — not just length)",introduces a distinct extra on-topic point AND develops it AND supports it with a concrete specific that genuinely advances the argument,pending,
W-A2-20260507113209,a2,simple email writing,"sports, hobbies, and interests (a2)",80,100,,,,,,,,,,,,,,,,,Additional on-topic development,"no semantically distinct extra on-topic point, OR the 'extra' content paraphrases an idea already credited under another requirement","introduces a DISTINCT extra on-topic point — not a rephrasing or repeat of any other requirement — within the question's subject, with no further detail","introduces a distinct extra on-topic point AND develops it meaningfully (a real reason, cause, or effect — not just length)",introduces a distinct extra on-topic point AND develops it AND supports it with a concrete specific that genuinely advances the argument,pending,
W-B1-20260507120319,b1,essay,body and health (b1),50,300,,,,,,,,,,,,,,,,,Additional on-topic development,"no semantically distinct extra on-topic point, OR the 'extra' content paraphrases an idea already credited under another requirement","introduces a DISTINCT extra on-topic point — not a rephrasing or repeat of any other requirement — within the question's subject, with no further detail","introduces a distinct extra on-topic point AND develops it meaningfully (a real reason, cause, or effect — not just length)",introduces a distinct extra on-topic point AND develops it AND supports it with a concrete specific that genuinely advances the argument,pending,
W-A1-20260401080639,a1,paragraph,"sports, hobbies, and interests (a1)",20,150,,,,,,,,,,,,,,,,,Additional on-topic development,"no semantically distinct extra on-topic point, OR the 'extra' content paraphrases an idea already credited under another requirement","introduces a DISTINCT extra on-topic point — not a rephrasing or repeat of any other requirement — within the question's subject, with no further detail","introduces a distinct extra on-topic point AND develops it meaningfully (a real reason, cause, or effect — not just length)",introduces a distinct extra on-topic point AND develops it AND supports it with a concrete specific that genuinely advances the argument,pending,
W-A1-20260401080754,a1,paragraph,"house, home, and daily life (a1)",25,150,,,,,,,,,,,,,,,,,Additional on-topic development,"no semantically distinct extra on-topic point, OR the 'extra' content paraphrases an idea already credited under another requirement","introduces a DISTINCT extra on-topic point — not a rephrasing or repeat of any other requirement — within the question's subject, with no further detail","introduces a distinct extra on-topic point AND develops it meaningfully (a real reason, cause, or effect — not just length)",introduces a distinct extra on-topic point AND develops it AND supports it with a concrete specific that genuinely advances the argument,pending,
W-A2-20260401081154,a2,paragraph,"sports, hobbies, and interests (a2)",25,250,,,,,,,,,,,,,,,,,Additional on-topic development,"no semantically distinct extra on-topic point, OR the 'extra' content paraphrases an idea already credited under another requirement","introduces a DISTINCT extra on-topic point — not a rephrasing or repeat of any other requirement — within the question's subject, with no further detail","introduces a distinct extra on-topic point AND develops it meaningfully (a real reason, cause, or effect — not just length)",introduces a distinct extra on-topic point AND develops it AND supports it with a concrete specific that genuinely advances the argument,pending,
W-A2-20260401081256,a2,paragraph,"sports, hobbies, and interests (a2)",25,250,,,,,,,,,,,,,,,,,Additional on-topic development,"no semantically distinct extra on-topic point, OR the 'extra' content paraphrases an idea already credited under another requirement","introduces a DISTINCT extra on-topic point — not a rephrasing or repeat of any other requirement — within the question's subject, with no further detail","introduces a distinct extra on-topic point AND develops it meaningfully (a real reason, cause, or effect — not just length)",introduces a distinct extra on-topic point AND develops it AND supports it with a concrete specific that genuinely advances the argument,pending,
W-A2-20260401081426,a2,paragraph,"sports, hobbies, and interests (a2)",25,250,,,,,,,,,,,,,,,,,Additional on-topic development,"no semantically distinct extra on-topic point, OR the 'extra' content paraphrases an idea already credited under another requirement","introduces a DISTINCT extra on-topic point — not a rephrasing or repeat of any other requirement — within the question's subject, with no further detail","introduces a distinct extra on-topic point AND develops it meaningfully (a real reason, cause, or effect — not just length)",introduces a distinct extra on-topic point AND develops it AND supports it with a concrete specific that genuinely advances the argument,pending,
W-B1-20260401081828,b1,essay,workplace and jobs (b1),25,300,,,,,,,,,,,,,,,,,Additional on-topic development,"no semantically distinct extra on-topic point, OR the 'extra' content paraphrases an idea already credited under another requirement","introduces a DISTINCT extra on-topic point — not a rephrasing or repeat of any other requirement — within the question's subject, with no further detail","introduces a distinct extra on-topic point AND develops it meaningfully (a real reason, cause, or effect — not just length)",introduces a distinct extra on-topic point AND develops it AND supports it with a concrete specific that genuinely advances the argument,pending,
W-B1-20260401081932,b1,essay,natural world and environment (b1),25,300,,,,,,,,,,,,,,,,,Additional on-topic development,"no semantically distinct extra on-topic point, OR the 'extra' content paraphrases an idea already credited under another requirement","introduces a DISTINCT extra on-topic point — not a rephrasing or repeat of any other requirement — within the question's subject, with no further detail","introduces a distinct extra on-topic point AND develops it meaningfully (a real reason, cause, or effect — not just length)",introduces a distinct extra on-topic point AND develops it AND supports it with a concrete specific that genuinely advances the argument,pending,
W-B1-20260401082034,b1,essay,science and technology (b1),25,300,,,,,,,,,,,,,,,,,Additional on-topic development,"no semantically distinct extra on-topic point, OR the 'extra' content paraphrases an idea already credited under another requirement","introduces a DISTINCT extra on-topic point — not a rephrasing or repeat of any other requirement — within the question's subject, with no further detail","introduces a distinct extra on-topic point AND develops it meaningfully (a real reason, cause, or effect — not just length)",introduces a distinct extra on-topic point AND develops it AND supports it with a concrete specific that genuinely advances the argument,pending,
W-B1-20260401082137,b1,essay,"shopping, money, and personal finance (b1)",25,300,,,,,,,,,,,,,,,,,Additional on-topic development,"no semantically distinct extra on-topic point, OR the 'extra' content paraphrases an idea already credited under another requirement","introduces a DISTINCT extra on-topic point — not a rephrasing or repeat of any other requirement — within the question's subject, with no further detail","introduces a distinct extra on-topic point AND develops it meaningfully (a real reason, cause, or effect — not just length)",introduces a distinct extra on-topic point AND develops it AND supports it with a concrete specific that genuinely advances the argument,pending,
W-B1-20260401082235,b1,essay,"holidays, travel, and transportation (b1)",25,900,,,,,,,,,,,,,,,,,Additional on-topic development,"no semantically distinct extra on-topic point, OR the 'extra' content paraphrases an idea already credited under another requirement","introduces a DISTINCT extra on-topic point — not a rephrasing or repeat of any other requirement — within the question's subject, with no further detail","introduces a distinct extra on-topic point AND develops it meaningfully (a real reason, cause, or effect — not just length)",introduces a distinct extra on-topic point AND develops it AND supports it with a concrete specific that genuinely advances the argument,pending,
W-B1-20260401082337,b1,essay,science and technology (b1),25,300,,,,,,,,,,,,,,,,,Additional on-topic development,"no semantically distinct extra on-topic point, OR the 'extra' content paraphrases an idea already credited under another requirement","introduces a DISTINCT extra on-topic point — not a rephrasing or repeat of any other requirement — within the question's subject, with no further detail","introduces a distinct extra on-topic point AND develops it meaningfully (a real reason, cause, or effect — not just length)",introduces a distinct extra on-topic point AND develops it AND supports it with a concrete specific that genuinely advances the argument,pending,
W-B2-20260401083650,b2,essay,"shopping, money, and personal finance (b2)",50,400,,,,,,,,,,,,,,,,,Additional on-topic development,"no semantically distinct extra on-topic point, OR the 'extra' content paraphrases an idea already credited under another requirement","introduces a DISTINCT extra on-topic point — not a rephrasing or repeat of any other requirement — within the question's subject, with no further detail","introduces a distinct extra on-topic point AND develops it meaningfully (a real reason, cause, or effect — not just length)",introduces a distinct extra on-topic point AND develops it AND supports it with a concrete specific that genuinely advances the argument,pending,
W-B2-20260401083820,b2,essay,"people, relationships, and family (b2)",50,500,,,,,,,,,,,,,,,,,Additional on-topic development,"no semantically distinct extra on-topic point, OR the 'extra' content paraphrases an idea already credited under another requirement","introduces a DISTINCT extra on-topic point — not a rephrasing or repeat of any other requirement — within the question's subject, with no further detail","introduces a distinct extra on-topic point AND develops it meaningfully (a real reason, cause, or effect — not just length)",introduces a distinct extra on-topic point AND develops it AND supports it with a concrete specific that genuinely advances the argument,pending,
W-B2-20260401083916,b2,essay,"education, study, and language (b2)",50,400,,,,,,,,,,,,,,,,,Additional on-topic development,"no semantically distinct extra on-topic point, OR the 'extra' content paraphrases an idea already credited under another requirement","introduces a DISTINCT extra on-topic point — not a rephrasing or repeat of any other requirement — within the question's subject, with no further detail","introduces a distinct extra on-topic point AND develops it meaningfully (a real reason, cause, or effect — not just length)",introduces a distinct extra on-topic point AND develops it AND supports it with a concrete specific that genuinely advances the argument,pending,
W-B2-20260401084009,b2,essay,"house, home, and daily life (b2)",50,400,,,,,,,,,,,,,,,,,Additional on-topic development,"no semantically distinct extra on-topic point, OR the 'extra' content paraphrases an idea already credited under another requirement","introduces a DISTINCT extra on-topic point — not a rephrasing or repeat of any other requirement — within the question's subject, with no further detail","introduces a distinct extra on-topic point AND develops it meaningfully (a real reason, cause, or effect — not just length)",introduces a distinct extra on-topic point AND develops it AND supports it with a concrete specific that genuinely advances the argument,pending,
W-C1-20260401084917,c1,essay,"media, arts, literature, and entertainment (c1)",50,500,,,,,,,,,,,,,,,,,Additional on-topic development,"no semantically distinct extra on-topic point, OR the 'extra' content paraphrases an idea already credited under another requirement","introduces a DISTINCT extra on-topic point — not a rephrasing or repeat of any other requirement — within the question's subject, with no further detail","introduces a distinct extra on-topic point AND develops it meaningfully (a real reason, cause, or effect — not just length)",introduces a distinct extra on-topic point AND develops it AND supports it with a concrete specific that genuinely advances the argument,pending,
W-C1-20260401085011,c1,essay,"cultures, customs, religion, and traditions (c1)",50,500,,,,,,,,,,,,,,,,,Additional on-topic development,"no semantically distinct extra on-topic point, OR the 'extra' content paraphrases an idea already credited under another requirement","introduces a DISTINCT extra on-topic point — not a rephrasing or repeat of any other requirement — within the question's subject, with no further detail","introduces a distinct extra on-topic point AND develops it meaningfully (a real reason, cause, or effect — not just length)",introduces a distinct extra on-topic point AND develops it AND supports it with a concrete specific that genuinely advances the argument,pending,
W-C1-20260401085101,c1,essay,"holidays, travel, and transportation (c1)",50,500,,,,,,,,,,,,,,,,,Additional on-topic development,"no semantically distinct extra on-topic point, OR the 'extra' content paraphrases an idea already credited under another requirement","introduces a DISTINCT extra on-topic point — not a rephrasing or repeat of any other requirement — within the question's subject, with no further detail","introduces a distinct extra on-topic point AND develops it meaningfully (a real reason, cause, or effect — not just length)",introduces a distinct extra on-topic point AND develops it AND supports it with a concrete specific that genuinely advances the argument,pending,
W-C1-20260401085151,c1,essay,"people, relationships, and family (c1)",50,500,,,,,,,,,,,,,,,,,Additional on-topic development,"no semantically distinct extra on-topic point, OR the 'extra' content paraphrases an idea already credited under another requirement","introduces a DISTINCT extra on-topic point — not a rephrasing or repeat of any other requirement — within the question's subject, with no further detail","introduces a distinct extra on-topic point AND develops it meaningfully (a real reason, cause, or effect — not just length)",introduces a distinct extra on-topic point AND develops it AND supports it with a concrete specific that genuinely advances the argument,pending,
W-B1-20260401093728,b1,essay,"people, relationships, and family (b1)",50,300,,,,,,,,,,,,,,,,,Additional on-topic development,"no semantically distinct extra on-topic point, OR the 'extra' content paraphrases an idea already credited under another requirement","introduces a DISTINCT extra on-topic point — not a rephrasing or repeat of any other requirement — within the question's subject, with no further detail","introduces a distinct extra on-topic point AND develops it meaningfully (a real reason, cause, or effect — not just length)",introduces a distinct extra on-topic point AND develops it AND supports it with a concrete specific that genuinely advances the argument,pending,
W-B1-20260401093829,b1,essay,natural world and environment (b1),50,300,,,,,,,,,,,,,,,,,Additional on-topic development,"no semantically distinct extra on-topic point, OR the 'extra' content paraphrases an idea already credited under another requirement","introduces a DISTINCT extra on-topic point — not a rephrasing or repeat of any other requirement — within the question's subject, with no further detail","introduces a distinct extra on-topic point AND develops it meaningfully (a real reason, cause, or effect — not just length)",introduces a distinct extra on-topic point AND develops it AND supports it with a concrete specific that genuinely advances the argument,pending,
W-B1-20260401093929,b1,essay,"media, arts, literature, and entertainment (b1)",50,300,,,,,,,,,,,,,,,,,Additional on-topic development,"no semantically distinct extra on-topic point, OR the 'extra' content paraphrases an idea already credited under another requirement","introduces a DISTINCT extra on-topic point — not a rephrasing or repeat of any other requirement — within the question's subject, with no further detail","introduces a distinct extra on-topic point AND develops it meaningfully (a real reason, cause, or effect — not just length)",introduces a distinct extra on-topic point AND develops it AND supports it with a concrete specific that genuinely advances the argument,pending,
